NQVAVLYQD,HLA-A*0101
NQVAVLYQD,HLA-A*0201
NQVAVLYQD,HLA-A*0301
NQVAVLYQD,HLA-A*1101
NQVAVLYQD,HLA-A*2402
NQVAVLYQD,HLA-B*0702
NQVAVLYQD,HLA-B*0801
NQVAVLYQD,HLA-B*1501
NQVAVLYQD,HLA-B*4001
NQVAVLYQD,HLA-C*0702
QVAVLYQDV,HLA-A*0101
QVAVLYQDV,HLA-A*0201
QVAVLYQDV,HLA-A*0301
QVAVLYQDV,HLA-A*1101
QVAVLYQDV,HLA-A*2402
QVAVLYQDV,HLA-B*0702
QVAVLYQDV,HLA-B*0801
QVAVLYQDV,HLA-B*1501
QVAVLYQDV,HLA-B*4001
QVAVLYQDV,HLA-C*0702
VAVLYQDVN,HLA-A*0101
VAVLYQDVN,HLA-A*0201
VAVLYQDVN,HLA-A*0301
VAVLYQDVN,HLA-A*1101
VAVLYQDVN,HLA-A*2402
VAVLYQDVN,HLA-B*0702
VAVLYQDVN,HLA-B*0801
VAVLYQDVN,HLA-B*1501
VAVLYQDVN,HLA-B*4001
VAVLYQDVN,HLA-C*0702
AVLYQDVNC,HLA-A*0101
AVLYQDVNC,HLA-A*0201
AVLYQDVNC,HLA-A*0301
AVLYQDVNC,HLA-A*1101
AVLYQDVNC,HLA-A*2402
AVLYQDVNC,HLA-B*0702
AVLYQDVNC,HLA-B*0801
AVLYQDVNC,HLA-B*1501
AVLYQDVNC,HLA-B*4001
AVLYQDVNC,HLA-C*0702
VLYQDVNCT,HLA-A*0101
VLYQDVNCT,HLA-A*0201
VLYQDVNCT,HLA-A*0301
VLYQDVNCT,HLA-A*1101
VLYQDVNCT,HLA-A*2402
VLYQDVNCT,HLA-B*0702
VLYQDVNCT,HLA-B*0801
VLYQDVNCT,HLA-B*1501
VLYQDVNCT,HLA-B*4001
VLYQDVNCT,HLA-C*0702
LYQDVNCTE,HLA-A*0101
LYQDVNCTE,HLA-A*0201
LYQDVNCTE,HLA-A*0301
LYQDVNCTE,HLA-A*1101
LYQDVNCTE,HLA-A*2402
LYQDVNCTE,HLA-B*0702
LYQDVNCTE,HLA-B*0801
LYQDVNCTE,HLA-B*1501
LYQDVNCTE,HLA-B*4001
LYQDVNCTE,HLA-C*0702
YQDVNCTEV,HLA-A*0101
YQDVNCTEV,HLA-A*0201
YQDVNCTEV,HLA-A*0301
YQDVNCTEV,HLA-A*1101
YQDVNCTEV,HLA-A*2402
YQDVNCTEV,HLA-B*0702
YQDVNCTEV,HLA-B*0801
YQDVNCTEV,HLA-B*1501
YQDVNCTEV,HLA-B*4001
YQDVNCTEV,HLA-C*0702
QDVNCTEVP,HLA-A*0101
QDVNCTEVP,HLA-A*0201
QDVNCTEVP,HLA-A*0301
QDVNCTEVP,HLA-A*1101
QDVNCTEVP,HLA-A*2402
QDVNCTEVP,HLA-B*0702
QDVNCTEVP,HLA-B*0801
QDVNCTEVP,HLA-B*1501
QDVNCTEVP,HLA-B*4001
QDVNCTEVP,HLA-C*0702
DVNCTEVPV,HLA-A*0101
DVNCTEVPV,HLA-A*0201
DVNCTEVPV,HLA-A*0301
DVNCTEVPV,HLA-A*1101
DVNCTEVPV,HLA-A*2402
DVNCTEVPV,HLA-B*0702
DVNCTEVPV,HLA-B*0801
DVNCTEVPV,HLA-B*1501
DVNCTEVPV,HLA-B*4001
DVNCTEVPV,HLA-C*0702
