peptide,HLA,immunogenicity,test,respond,potential
AAAAGWQTL,HLA-A*0201,Positive,10,3,0.601552602
AAAGDKLSL,HLA-A*0201,Positive,11,1,0.499957286
AAAGFLFCV,HLA-A*0201,Positive,6,2,0.720934718
AAANIIRTL,HLA-A*0201,Positive,12,1,0.474199048
AAAWYLWEV,HLA-A*0201,Positive,7,4,0.773774064
AAGIGILTV,HLA-A*0201,Positive,0,0,0.911812851
AAGNVNIAI,HLA-A*0201,Positive,4,1,0.733833908
AAMAAQLQA,HLA-A*0201,Positive,4,1,0.7292103
AAMASASLV,HLA-A*0201,Positive,4,1,0.699871515
AAQFNASPV,HLA-A*0201,Positive,4,1,0.754014347
AASTLLYATV,HLA-A*0201,Positive,8,1,0.577261819
AAYPITGKL,HLA-A*0201,Positive,40,27,0.728490092
ACDPHSGHFV,HLA-A*0201,Positive,0,0,0.911083572
ADLMGYIPLV,HLA-A*0201,Positive,0,0,0.905732914
AFLGERVTL,HLA-A*0201,Positive,6,6,0.936381982
AIATFAAPV,HLA-A*0201,Positive,40,18,0.555618549
AIGEVLVSV,HLA-A*0201,Positive-High,0,0,0.938538528
AIIDPLIYA,HLA-A*0201,Positive-High,6,1,0.73936219
AIIIAVLLV,HLA-A*0201,Positive,0,0,0.900106097
AIIRILQQL,HLA-A*0201,Positive,0,0,0.919368986
AIISGDSPV,HLA-A*0201,Positive,0,0,0.911717526
AILHTPGCV,HLA-A*0201,Positive,3,1,0.788736681
AILIRVRNA,HLA-A*0201,Positive,0,0,0.908116908
AIMDKNIIL,HLA-A*0201,Positive,9,7,0.864210501
AIMDKNIML,HLA-A*0201,Positive,0,0,0.918523915
AIMDKNITL,HLA-A*0201,Positive,9,1,0.551932165
AIMDKTIIL,HLA-A*0201,Positive,9,1,0.541219766
AIMDKVIIL,HLA-A*0201,Positive,9,1,0.53440513
AIMEKNIIL,HLA-A*0201,Positive,0,0,0.904008151
AIMEKNIVL,HLA-A*0201,Positive,0,0,0.870670665
AINVEKIEL,HLA-A*0201,Positive,6,1,0.629537199
AITEVECFL,HLA-A*0201,Positive,6,3,0.7582684
AIVDKNITL,HLA-A*0201,Positive,4,1,0.780003573
AIVREAIKR,HLA-A*0201,Positive,6,6,0.936734993
AIYDHINEGV,HLA-A*0201,Positive,0,0,0.888619937
AIYDHVNEGV,HLA-A*0201,Positive,14,1,0.417682369
AIYDTMQYV,HLA-A*0201,Positive,10,1,0.525716485
AIYGAAFSGV,HLA-A*0201,Positive,0,0,0.933551677
AKKLHFSTA,HLA-A*0201,Positive,0,0,0.910211337
ALAAATPMVV,HLA-A*0201,Positive,10,5,0.730539733
ALAADPQSL,HLA-A*0201,Positive-High,15,8,0.742439236
ALADLPVTV,HLA-A*0201,Positive,3,1,0.791137391
ALAEGDLLA,HLA-A*0201,Positive-Low,4,4,0.903238104
ALAGIGILTV,HLA-A*0201,Positive-Low,0,0,0.846898706
ALAHGVRAL,HLA-A*0201,Positive,4,2,0.779183178
ALAIIIAVL,HLA-A*0201,Positive,0,0,0.90229226
ALAMEVYQA,HLA-A*0201,Positive,90,76,0.845652124
ALAPAPAEV,HLA-A*0201,Positive,7,4,0.797170647
ALAVLSVTL,HLA-A*0201,Positive-High,0,0,0.934256447
ALAYGIDKV,HLA-A*0201,Positive,10,3,0.617714538
ALDAQAVEL,HLA-A*0201,Positive-Low,10,1,0.372864626
ALDEGLLPV,HLA-A*0201,Positive,10,3,0.61203745
ALDQTDIRV,HLA-A*0201,Positive,0,0,0.912544921
ALEAFAIAVA,HLA-A*0201,Positive,2,2,0.916738931
ALEPGPVTA,HLA-A*0201,Positive,0,0,0.933237885
ALFDIESKV,HLA-A*0201,Positive,0,0,0.901025409
ALFFFDIDL,HLA-A*0201,Positive,0,0,0.911884433
ALFFFDIDLL,HLA-A*0201,Positive,3,3,0.920085158
ALFHEVAKL,HLA-A*0201,Positive,19,13,0.759131605
ALFSFVTAL,HLA-A*0201,Positive,3,1,0.782855816
ALGDLFQSI,HLA-A*0201,Positive,36,12,0.479634001
ALGGGATGV,HLA-A*0201,Positive,5,5,0.940975659
ALGGLLTMV,HLA-A*0201,Positive,0,0,0.914437038
ALGIGILTV,HLA-A*0201,Positive-Low,0,0,0.84986177
ALGLGLLPV,HLA-A*0201,Positive-Intermediate,0,0,0.919163136
ALHTALATV,HLA-A*0201,Positive,10,10,0.961549543
ALIDCNPCTL,HLA-A*0201,Positive,25,6,0.420732634
ALIDVFHQY,HLA-A*0201,Positive-Low,6,2,0.564856726
ALIHHNTHL,HLA-A*0201,Positive,0,0,0.891513741
ALIHHNTYL,HLA-A*0201,Positive,0,0,0.909395498
ALISAFSGS,HLA-A*0201,Positive-High,3,2,0.895414039
ALLAFTLGV,HLA-A*0201,Positive,6,1,0.633538538
ALLALLIYA,HLA-A*0201,Positive,1,1,0.904712403
ALLALTRAI,HLA-A*0201,Positive,0,0,0.91067764
ALLDRDCRV,HLA-A*0201,Positive,0,0,0.90612578
ALLEACLRV,HLA-A*0201,Positive-Low,10,0,0.337431222
ALLEDPVGT,HLA-A*0201,Positive,0,0,0.906667144
ALLERGFLL,HLA-A*0201,Positive,0,0,0.901054232
ALLETLSLLL,HLA-A*0201,Positive,0,0,0.914738372
ALLGGLRPV,HLA-A*0201,Positive,10,3,0.617185864
ALLGIPLNV,HLA-A*0201,Positive,6,5,0.890266968
ALLGLTLGV,HLA-A*0201,Positive,0,0,0.899743469
ALLKDTVYT,HLA-A*0201,Positive,0,0,0.921506863
ALLMPAGVPL,HLA-A*0201,Positive-Low,0,0,0.845804375
ALLNIKVKL,HLA-A*0201,Positive,5,5,0.939252239
ALLPTALDAL,HLA-A*0201,Positive-Low,0,0,0.833544409
ALLQVTLLL,HLA-A*0201,Positive,0,0,0.923321953
ALMGAVTSL,HLA-A*0201,Positive-High,10,10,0.970013024
ALMLRLLRI,HLA-A*0201,Positive-High,10,10,0.960285214
ALNATDPGA,HLA-A*0201,Positive,4,2,0.796918279
ALNTLVKQL,HLA-A*0201,Positive,0,0,0.922458743
ALNTPKDHI,HLA-A*0201,Positive,0,0,0.89736564
ALPHIIDEV,HLA-A*0201,Positive,1,1,0.916792821
ALPVYLMTL,HLA-A*0201,Positive,0,0,0.892475681
ALQAIELQL,HLA-A*0201,Positive,3,1,0.787488984
ALQVTNHRYL,HLA-A*0201,Positive,9,2,0.579803748
ALRERRMKV,HLA-A*0201,Positive,6,1,0.647726098
ALRGMGLNA,HLA-A*0201,Positive,0,0,0.907165652
ALRNLRVFL,HLA-A*0201,Positive,9,3,0.661756504
ALSAGVGAV,HLA-A*0201,Positive,4,1,0.73931193
ALSALLTKL,HLA-A*0201,Positive-High,10,10,0.954853195
ALSDHHIYL,HLA-A*0201,Positive,5,5,0.944861615
ALSEDLLSI,HLA-A*0201,Positive-High,0,0,0.942886207
ALSEGVYRI,HLA-A*0201,Positive,0,0,0.898111617
ALSELPETL,HLA-A*0201,Positive,7,1,0.606957394
ALSGLAVRL,HLA-A*0201,Positive,0,0,0.89947314
ALSLAAVLV,HLA-A*0201,Positive,8,1,0.613444932
ALSLAAVLVV,HLA-A*0201,Positive,8,1,0.580435149
ALSPVIPHI,HLA-A*0201,Positive,0,0,0.902619121
ALSPVIPLI,HLA-A*0201,Positive,0,0,0.913063914
ALSPVLPPM,HLA-A*0201,Positive-Low,10,0,0.286794721
ALSYTPAEV,HLA-A*0201,Positive,0,0,0.91488707
ALSYTPVEV,HLA-A*0201,Positive,0,0,0.931251388
ALTAVAEEV,HLA-A*0201,Positive,11,1,0.488068676
ALTEMDYFI,HLA-A*0201,Positive,90,79,0.878201603
ALTPVVVTL,HLA-A*0201,Positive,6,3,0.76157378
ALVENQFLL,HLA-A*0201,Positive,0,0,0.928597306
ALVGAIPSI,HLA-A*0201,Positive,0,0,0.914223215
ALWDVALLEV,HLA-A*0201,Positive,0,0,0.922546825
ALWGPDPAAA,HLA-A*0201,Positive,41,19,0.548359677
ALWGPDPAAV,HLA-A*0201,Positive-Low,0,0,0.842138817
ALWMRLLPL,HLA-A*0201,Positive-Low,11,3,0.48061099
ALWMRLLPLL,HLA-A*0201,Positive,49,11,0.358981341
ALYDVVSKL,HLA-A*0201,Positive-Low,1,1,0.845863638
ALYDVVTKL,HLA-A*0201,Positive,1,1,0.907464941
ALYEKKLAL,HLA-A*0201,Positive,80,3,0.14493617
ALYGFVPVL,HLA-A*0201,Positive,0,0,0.898185965
ALYGSVPVL,HLA-A*0201,Positive,0,0,0.896507787
ALYNTVATL,HLA-A*0201,Positive-High,0,0,0.942861518
ALYVDSLFFL,HLA-A*0201,Positive,7,3,0.723195373
AMAAQLQAV,HLA-A*0201,Positive,4,3,0.857762691
AMAGASTSA,HLA-A*0201,Positive,9,1,0.540965677
AMAGSIDLL,HLA-A*0201,Positive,10,7,0.781487049
AMAGSLVFL,HLA-A*0201,Positive,0,0,0.911813853
AMAGSPVFL,HLA-A*0201,Positive,0,0,0.903828054
AMASASLVT,HLA-A*0201,Positive,4,2,0.808138734
AMASTEGNV,HLA-A*0201,Positive,1,1,0.905554267
AMDSNTLEL,HLA-A*0201,Positive,0,0,0.918871045
AMDTISVFL,HLA-A*0201,Positive,13,4,0.587475929
AMLDHAGDM,HLA-A*0201,Positive,3,3,0.92431196
AMLDLLKSV,HLA-A*0201,Positive,0,0,0.899834178
AMLERQFTV,HLA-A*0201,Positive,12,3,0.537297233
AMLGHAGDM,HLA-A*0201,Positive,3,2,0.87881606
AMLGTHTMEV,HLA-A*0201,Positive,0,0,0.911207723
AMLHWSLIL,HLA-A*0201,Positive,13,4,0.575705102
AMLVLLAEI,HLA-A*0201,Positive-Intermediate,3,3,0.929764223
AMPPELNTA,HLA-A*0201,Positive-Low,10,2,0.452622966
AMQAAELPV,HLA-A*0201,Positive-Low,10,0,0.307543454
AMSNLVPPV,HLA-A*0201,Positive,10,9,0.907541267
AMVGAVLTA,HLA-A*0201,Positive-Low,0,0,0.839113891
APPPQRAAM,HLA-A*0201,Positive,4,3,0.892377442
AQFNASPVA,HLA-A*0201,Positive,4,1,0.752851988
AQLLTEFAI,HLA-A*0201,Positive,4,4,0.928082982
AQLQAVPGA,HLA-A*0201,Positive,4,1,0.681914314
AQSYLRNFL,HLA-A*0201,Positive,4,1,0.731795592
AQWGPDPAAA,HLA-A*0201,Positive,0,0,0.890217244
AQWGPDPAAV,HLA-A*0201,Positive,0,0,0.913543053
ASKNKEKAL,HLA-A*0201,Positive,3,1,0.784729657
ASPPSTAAA,HLA-A*0201,Positive,4,2,0.783221251
ATDALMTGF,HLA-A*0201,Positive,3,3,0.93935313
ATDALMTGY,HLA-A*0201,Positive,3,3,0.907611954
ATFAAPVAL,HLA-A*0201,Positive,40,24,0.66797026
ATWAENIQV,HLA-A*0201,Positive-Intermediate,8,5,0.780182721
AVAANIVLTV,HLA-A*0201,Positive,36,14,0.517090649
AVADHVAAV,HLA-A*0201,Positive,8,6,0.839980529
AVAGAAILV,HLA-A*0201,Positive,4,1,0.720943965
AVAVVAMAAI,HLA-A*0201,Positive,40,29,0.76021975
AVFDRKSDAK,HLA-A*0201,Positive,1,1,0.91167933
AVGIGIAVV,HLA-A*0201,Positive-Intermediate,0,0,0.923138713
AVGSHVYSV,HLA-A*0201,Positive,0,0,0.909819371
AVGSYVYSV,HLA-A*0201,Positive,0,0,0.913708433
AVMEKNIVL,HLA-A*0201,Positive,0,0,0.895822991
AVMRWGMPL,HLA-A*0201,Positive,0,0,0.904777171
AVMRWGMPP,HLA-A*0201,Positive,0,0,0.904239406
AVPEVTDVTL,HLA-A*0201,Positive,8,3,0.683848036
AVWISLAQV,HLA-A*0201,Positive-Low,10,0,0.321023223
AWLVAAAEI,HLA-A*0201,Positive,12,0,0.446418928
CILGTYTQD,HLA-A*0201,Positive,4,2,0.829199238
CINGCVWTV,HLA-A*0201,Positive,14,12,0.870849725
CINGVCWSI,HLA-A*0201,Positive,3,3,0.92646066
CINGVCWSV,HLA-A*0201,Positive,1,1,0.91716984
CINGVCWTA,HLA-A*0201,Positive,1,1,0.912726397
CINGVCWTV,HLA-A*0201,Positive,22,12,0.659788695
CINGVFWTV,HLA-A*0201,Positive-Low,3,1,0.661694045
CINGVVWTV,HLA-A*0201,Positive,0,0,0.900113421
CINGVWCTV,HLA-A*0201,Positive,3,3,0.922003257
CISGVCWTV,HLA-A*0201,Positive,0,0,0.896290156
CLAGLLTMV,HLA-A*0201,Positive-Intermediate,0,0,0.895272351
CLALIAWRV,HLA-A*0201,Positive,6,2,0.689824097
CLDQIPIFTV,HLA-A*0201,Positive,6,1,0.607026442
CLFKDWEEL,HLA-A*0201,Positive,50,40,0.810868433
CLGALLTMV,HLA-A*0201,Positive,0,0,0.916884419
CLGGLATMV,HLA-A*0201,Positive-Low,0,0,0.838116488
CLGGLITMV,HLA-A*0201,Positive,0,0,0.883982291
CLGGLLAMV,HLA-A*0201,Positive-Low,0,0,0.856203022
CLGGLLTMN,HLA-A*0201,Positive,23,9,0.54350553
CLGGLLTMV,HLA-A*0201,Positive,0,0,0.889477612
CLGHNHKEV,HLA-A*0201,Positive-Low,32,3,0.203201167
CLLESVYTA,HLA-A*0201,Positive,0,0,0.894699283
CLLGTYTQDV,HLA-A*0201,Positive,4,1,0.700151474
CLLPKMDSV,HLA-A*0201,Positive,5,4,0.873374465
CLLPKMDSVV,HLA-A*0201,Positive,2,1,0.819445787
CLLSGTYIFA,HLA-A*0201,Positive-Low,0,0,0.885384212
CLLWSFQTSA,HLA-A*0201,Positive,4,3,0.86942339
CLNEYHLFL,HLA-A*0201,Positive,0,0,0.915202257
CLNGVCWTV,HLA-A*0201,Positive,0,0,0.914241725
CLPACVYGL,HLA-A*0201,Positive,0,0,0.89776882
CLTEYILWV,HLA-A*0201,Positive,1,1,0.92435283
CLWGRLWQL,HLA-A*0201,Positive,0,0,0.917325157
CMLGTYTQDF,HLA-A*0201,Positive,15,8,0.694505056
CMWGRLWQL,HLA-A*0201,Positive,0,0,0.898886648
CQNGACWTS,HLA-A*0201,Positive,0,0,0.909565246
CQWGRLWQL,HLA-A*0201,Positive,0,0,0.912631052
CVNGSCFTV,HLA-A*0201,Positive,0,0,0.908859952
CVNGVCWTV,HLA-A*0201,Positive,20,11,0.671322124
DGGDGNKTL,HLA-A*0201,Positive-Intermediate,3,3,0.932875746
DIDEILEKV,HLA-A*0201,Positive,6,1,0.654820236
DIIEQMKGV,HLA-A*0201,Positive,7,2,0.686100733
DIYRIFAEL,HLA-A*0201,Positive,9,2,0.598552074
DLAEWVPRV,HLA-A*0201,Positive-Low,10,0,0.318144546
DLDEPEQFRL,HLA-A*0201,Positive,17,5,0.518550581
DLDVKKMPL,HLA-A*0201,Positive,12,2,0.544509983
DLHPEPTDL,HLA-A*0201,Positive-Low,0,0,0.827160968
DLIAQPIRLL,HLA-A*0201,Positive,8,2,0.643650013
DLILELLDL,HLA-A*0201,Positive-Low,8,4,0.649571218
DLLEEGNTL,HLA-A*0201,Positive,15,1,0.412529095
DLLLGTLNI,HLA-A*0201,Positive,0,0,0.894698344
DLLMGTLGIV,HLA-A*0201,Positive,8,2,0.639879703
DLMGYIPAV,HLA-A*0201,Positive,0,0,0.907195697
DLMGYIPLV,HLA-A*0201,Positive,16,6,0.598899706
DLMRRGDLPV,HLA-A*0201,Positive,7,5,0.823610841
DLPlIIQRL,HLA-A*0201,Positive,0,0,0.909541564
DLSLRRFMV,HLA-A*0201,Positive,6,6,0.952102683
DLTSFLLSL,HLA-A*0201,Positive,32,8,0.444550903
DMWEHAFYL,HLA-A*0201,Positive,8,3,0.68542521
DMWEHAFYLQ,HLA-A*0201,Positive,0,0,0.89782803
DNLMWYELS,HLA-A*0201,Positive,0,0,0.917711255
DQYVKVYLE,HLA-A*0201,Positive,5,1,0.685573546
DTPLIPLTIF,HLA-A*0201,Positive,0,0,0.909967875
DVSRPTAVV,HLA-A*0201,Positive,5,2,0.769737326
EAAGIGILTV,HLA-A*0201,Positive,0,0,0.900725346
EILGALLSI,HLA-A*0201,Positive-Low,32,4,0.245659562
ELAAIGILTV,HLA-A*0201,Positive,0,0,0.898961385
ELAEYLYNI,HLA-A*0201,Positive,11,1,0.532226579
ELAGIAILTV,HLA-A*0201,Positive-Low,0,0,0.846706832
ELAGIGALTV,HLA-A*0201,Positive,0,0,0.891920628
ELAGIGIATV,HLA-A*0201,Positive,0,0,0.908880173
ELAGIGILAV,HLA-A*0201,Positive-Low,0,0,0.829369667
ELAGIGILT,HLA-A*0201,Positive-Low,19,9,0.585444409
ELAGIGILTV,HLA-A*0201,Positive,0,0,0.897832793
ELAGWGILTV,HLA-A*0201,Positive,0,0,0.929226668
ELIEANLLW,HLA-A*0201,Positive,1,1,0.92880745
ELLRPTTLV,HLA-A*0201,Positive,5,1,0.689927173
ELMTLATWV,HLA-A*0201,Positive,0,0,0.891592646
ELTARLNSL,HLA-A*0201,Positive,10,4,0.662037085
ELTEVFEFA,HLA-A*0201,Positive,21,7,0.514641115
ELVCSMENT,HLA-A*0201,Positive,5,1,0.719343516
EMLERGLLV,HLA-A*0201,Positive,0,0,0.921532875
ETFWAKHMW,HLA-A*0201,Positive,1,1,0.899212985
EVKEKHEFL,HLA-A*0201,Positive,5,2,0.733834895
FAAAFFPAV,HLA-A*0201,Positive,0,0,0.917563262
FAFKDLFVV,HLA-A*0201,Positive-Low,15,2,0.342977913
FAFRDLCIV,HLA-A*0201,Positive,7,1,0.591617881
FANCNFTLV,HLA-A*0201,Positive,17,5,0.524135139
FANHDFTLV,HLA-A*0201,Positive,9,2,0.62476862
FANHKFTLV,HLA-A*0201,Positive,17,7,0.590258627
FANHNFTLV,HLA-A*0201,Positive,9,3,0.620872891
FANNEFTLV,HLA-A*0201,Positive,8,3,0.67184682
FANNKFTLV,HLA-A*0201,Positive,9,2,0.600707636
FANYKFTLV,HLA-A*0201,Positive,17,7,0.62400414
FANYNFTLV,HLA-A*0201,Positive,8,2,0.642947316
FASPADPKV,HLA-A*0201,Positive,0,0,0.917212429
FATGIGIITV,HLA-A*0201,Positive,0,0,0.911434113
FAVPNLQSL,HLA-A*0201,Positive,4,2,0.786786076
FIAGLIAIV,HLA-A*0201,Positive,0,0,0.88754819
FIDCYLLAI,HLA-A*0201,Positive,0,0,0.924529092
FIDKFTPPV,HLA-A*0201,Positive,0,0,0.904146641
FIDQYYSSI,HLA-A*0201,Positive,0,0,0.922166408
FIDSYICQV,HLA-A*0201,Positive,27,9,0.492520997
FIFPASKVYL,HLA-A*0201,Positive-Low,0,0,0.848255947
FIFSILVLA,HLA-A*0201,Positive,12,1,0.468896186
FIFSYVVAV,HLA-A*0201,Positive,0,0,0.920988005
FIIENILFI,HLA-A*0201,Positive,0,0,0.925800158
FILDAVQRV,HLA-A*0201,Positive,0,0,0.907424397
FILEGILTV,HLA-A*0201,Positive,0,0,0.914126637
FILPVLGAV,HLA-A*0201,Positive,0,0,0.89421747
FIMGISILL,HLA-A*0201,Positive,0,0,0.915568307
FIPENQRTV,HLA-A*0201,Positive,0,0,0.907667229
FIPQYLSAV,HLA-A*0201,Positive-High,10,10,0.95024531
FIRMWNQAAL,HLA-A*0201,Positive-Low,90,68,0.761064783
FISIFFFLEI,HLA-A*0201,Positive,0,0,0.917601237
FITGISILL,HLA-A*0201,Positive,0,0,0.912144785
FIYAGSLSA,HLA-A*0201,Positive,31,31,0.975990463
FIYLALLEA,HLA-A*0201,Positive-Low,10,0,0.31587991
FIYQYYSSI,HLA-A*0201,Positive,0,0,0.883812128
FLADAVVRL,HLA-A*0201,Positive,0,0,0.919166588
FLADLLHSV,HLA-A*0201,Positive,2,2,0.922579222
FLALSILVL,HLA-A*0201,Positive,15,8,0.693721822
FLASKIGRLV,HLA-A*0201,Positive,4,4,0.936072871
FLASPSVPL,HLA-A*0201,Positive,0,0,0.903404292
FLCLLIPGL,HLA-A*0201,Positive,47,1,0.179597849
FLCTADAAV,HLA-A*0201,Positive-Low,10,0,0.32141651
FLDEFMEAV,HLA-A*0201,Positive,0,0,0.908134671
FLDEFMEGV,HLA-A*0201,Positive,0,0,0.932616983
FLDKGTYTL,HLA-A*0201,Positive,0,0,0.89886262
FLDPASIAA,HLA-A*0201,Positive,79,52,0.692405325
FLDRALLTL,HLA-A*0201,Positive,2,2,0.909437467
FLDSEPHLL,HLA-A*0201,Positive,8,2,0.599373293
FLEEMLRTRV,HLA-A*0201,Positive,0,0,0.90911704
FLEIYTVTV,HLA-A*0201,Positive,0,0,0.891208128
FLFAVGFYL,HLA-A*0201,Positive,19,13,0.758742625
FLFCVMVFA,HLA-A*0201,Positive,6,2,0.679389421
FLFELIPEP,HLA-A*0201,Positive-Low,0,0,0.827393577
FLFLRNFSL,HLA-A*0201,Positive,0,0,0.905970565
FLFMYLVMV,HLA-A*0201,Positive,0,0,0.90048213
FLFMYLVTV,HLA-A*0201,Positive,0,0,0.91546324
FLFTFFASI,HLA-A*0201,Positive,0,0,0.903035277
FLFVEALFQE,HLA-A*0201,Positive,6,1,0.649010309
FLGAGALAV,HLA-A*0201,Positive-Low,10,0,0.315225401
FLGDDPSPA,HLA-A*0201,Positive-High,10,10,0.965803868
FLGEAWAQV,HLA-A*0201,Positive-Low,0,0,0.816592122
FLGEGHHRV,HLA-A*0201,Positive,6,1,0.656826442
FLGERVTLT,HLA-A*0201,Positive,6,6,0.927505764
FLGGHVAVA,HLA-A*0201,Positive-High,10,10,0.967355648
FLGIYTVTV,HLA-A*0201,Positive,0,0,0.900158285
FLGIYTVTVV,HLA-A*0201,Positive,0,0,0.890365906
FLGMESCGI,HLA-A*0201,Positive,15,15,0.961196079
FLGPLLVLQA,HLA-A*0201,Positive,0,0,0.898157696
FLGPWPAAS,HLA-A*0201,Positive,14,14,0.966446398
FLHCIVFNV,HLA-A*0201,Positive,5,4,0.867212709
FLIASVTWL,HLA-A*0201,Positive,0,0,0.930339897
FLIAYQPLL,HLA-A*0201,Positive,0,0,0.916990758
FLIEGVLTI,HLA-A*0201,Positive,0,0,0.902540808
FLIFFDLFLV,HLA-A*0201,Positive,2,1,0.856861985
FLIVLSVAL,HLA-A*0201,Positive,19,8,0.595838824
FLIYLDVSV,HLA-A*0201,Positive,0,0,0.890906885
FLKQQYMNL,HLA-A*0201,Positive-High,0,0,0.940797665
FLLALLSCL,HLA-A*0201,Positive,14,13,0.927398492
FLLCFCVLL,HLA-A*0201,Positive,0,0,0.915172371
FLLDILGAT,HLA-A*0201,Positive,28,19,0.761299316
FLLENAAYL,HLA-A*0201,Positive,0,0,0.907530502
FLLENAAYLD,HLA-A*0201,Positive,27,14,0.60583389
FLLERILIV,HLA-A*0201,Positive,0,0,0.895489329
FLLFIFKVA,HLA-A*0201,Positive-Low,8,4,0.645500566
FLLGLLFFV,HLA-A*0201,Positive,5,5,0.953550575
FLLGLLVHV,HLA-A*0201,Positive,0,0,0.933093073
FLLKAEVQKL,HLA-A*0201,Positive,0,0,0.924845687
FLLKLTPLL,HLA-A*0201,Positive,0,0,0.913407271
FLLMWSCFG,HLA-A*0201,Positive,0,0,0.900608393
FLLMWSCFGT,HLA-A*0201,Positive,0,0,0.913908699
FLLSLFSLWL,HLA-A*0201,Positive,36,10,0.428776853
FLLSLGIHI,HLA-A*0201,Positive,12,10,0.88617441
FLLTKILTI,HLA-A*0201,Positive,0,0,0.910972036
FLLTRILTI,HLA-A*0201,Positive,17,10,0.717037377
FLLVLESIL,HLA-A*0201,Positive,0,0,0.903968911
FLMASISSS,HLA-A*0201,Positive,0,0,0.901959594
FLMEDQTLL,HLA-A*0201,Positive,0,0,0.919223554
FLMLVGGSTL,HLA-A*0201,Positive,5,1,0.694619159
FLMPFMHYIV,HLA-A*0201,Positive,7,2,0.680546421
FLMSSWWPNL,HLA-A*0201,Positive,4,1,0.737366937
FLNDLLSVL,HLA-A*0201,Positive,0,0,0.92962895
FLNDLLSVM,HLA-A*0201,Positive,0,0,0.927713408
FLNISWFYI,HLA-A*0201,Positive,3,1,0.7592398
FLNQWVTAV,HLA-A*0201,Positive,0,0,0.913811491
FLNVFFPLL,HLA-A*0201,Positive,0,0,0.907738535
FLNVLFPLL,HLA-A*0201,Positive,0,0,0.903021681
FLPADFFPSI,HLA-A*0201,Positive,0,0,0.914101691
FLPADFFPSV,HLA-A*0201,Positive,2,1,0.861101502
FLPDLNANA,HLA-A*0201,Positive,0,0,0.923747305
FLPDLNVNA,HLA-A*0201,Positive,0,0,0.903090615
FLPNDFFPSA,HLA-A*0201,Positive,0,0,0.887984419
FLPNDFFPSV,HLA-A*0201,Positive,0,0,0.8969362
FLPPDFFPSV,HLA-A*0201,Positive,2,2,0.914835641
FLPSDFFPGV,HLA-A*0201,Positive,2,1,0.842353608
FLPSDFFPS,HLA-A*0201,Positive,0,0,0.905210267
FLPSDFFPSA,HLA-A*0201,Positive,0,0,0.914774535
FLPSDFFPSI,HLA-A*0201,Positive,9,9,0.94288942
FLPSDFFPSV,HLA-A*0201,Positive,2,2,0.92389227
FLPSDFLPSV,HLA-A*0201,Positive,2,2,0.930712533
FLPSDTNMGL,HLA-A*0201,Positive,2,1,0.832584814
FLPSPLFFFL,HLA-A*0201,Positive,0,0,0.924760235
FLPVDFFPSI,HLA-A*0201,Positive-Low,0,0,0.84693221
FLPVDFFPSV,HLA-A*0201,Positive,0,0,0.934343549
FLQDVMNIL,HLA-A*0201,Positive,11,1,0.494839417
FLQLLLVTL,HLA-A*0201,Positive,0,0,0.883504698
FLRGRAYGL,HLA-A*0201,Positive,2,0,0.739975
FLSDHLYLV,HLA-A*0201,Positive,0,0,0.903401404
FLSELQYYL,HLA-A*0201,Positive,7,4,0.781306762
FLSFASLFL,HLA-A*0201,Positive,0,0,0.897822172
FLSGAVNRL,HLA-A*0201,Positive,10,10,0.955611347
FLSHDFTLV,HLA-A*0201,Positive,9,3,0.632618461
FLSHNFTLV,HLA-A*0201,Positive,9,2,0.596107166
FLSHNFTLVF,HLA-A*0201,Positive,29,4,0.339765194
FLSLSLLVI,HLA-A*0201,Positive,0,0,0.902397587
FLSSANEHL,HLA-A*0201,Positive,7,1,0.628386036
FLTCTDRSV,HLA-A*0201,Positive-Low,10,10,0.949564902
FLTDYIPGA,HLA-A*0201,Positive,0,0,0.89033116
FLTEAIVHSV,HLA-A*0201,Positive,6,2,0.693844917
FLTEWILPL,HLA-A*0201,Positive,0,0,0.921973278
FLTGIGIITV,HLA-A*0201,Positive,0,0,0.936598195
FLTSVINRV,HLA-A*0201,Positive,1,1,0.928080894
FLTTPVPSL,HLA-A*0201,Positive-Low,10,0,0.304931714
FLTVFSHFM,HLA-A*0201,Positive,0,0,0.89120289
FLTVFSPFM,HLA-A*0201,Positive,0,0,0.926866746
FLTYLDVSV,HLA-A*0201,Positive,0,0,0.910947446
FLVDAIVRV,HLA-A*0201,Positive,0,0,0.907795176
FLVDAIVRVA,HLA-A*0201,Positive,0,0,0.923465391
FLVEQVLFA,HLA-A*0201,Positive,0,0,0.888405533
FLVGQLFTF,HLA-A*0201,Positive,33,1,0.248130861
FLVPFVVFL,HLA-A*0201,Positive,0,0,0.922275896
FLWEDQTLL,HLA-A*0201,Positive,0,0,0.900068209
FLWGPRAYA,HLA-A*0201,Positive,0,0,0.903995651
FLWSVFMLI,HLA-A*0201,Positive,19,8,0.58088671
FLWSVFWLI,HLA-A*0201,Positive,13,1,0.446932089
FLYALALLL,HLA-A*0201,Positive,0,0,0.913398927
FLYGALLLA,HLA-A*0201,Positive,2,2,0.934235429
FLYNLLTRV,HLA-A*0201,Positive,0,0,0.885153211
FLYNPLTRV,HLA-A*0201,Positive,0,0,0.933009435
FLYPFLSHL,HLA-A*0201,Positive,7,4,0.780945407
FMDMAILVES,HLA-A*0201,Positive,0,0,0.892993509
FMEVFGMLV,HLA-A*0201,Positive,6,5,0.886058667
FMGDIHQPL,HLA-A*0201,Positive,0,0,0.89846638
FMGVLVNSL,HLA-A*0201,Positive,0,0,0.89260144
FMHIWLQAA,HLA-A*0201,Positive-Low,10,0,0.332614914
FMHNRLQYSL,HLA-A*0201,Positive,0,0,0.905339129
FMIAFISCFA,HLA-A*0201,Positive,0,0,0.920320707
FMIGYASAL,HLA-A*0201,Positive,0,0,0.91782383
FMIGYTSAL,HLA-A*0201,Positive,0,0,0.916666439
FMIVSISLV,HLA-A*0201,Positive,0,0,0.916349242
FMLLTQARI,HLA-A*0201,Positive,0,0,0.926288976
FMLLTQARL,HLA-A*0201,Positive,0,0,0.918690033
FMLYLLTLM,HLA-A*0201,Positive,0,0,0.916887496
FMLYLVTLM,HLA-A*0201,Positive,0,0,0.913113422
FMNKFIYEI,HLA-A*0201,Positive,0,0,0.915895433
FMPKVNFEV,HLA-A*0201,Positive,8,1,0.582852929
FMSAYSGVL,HLA-A*0201,Positive,0,0,0.907557878
FMTALVLSL,HLA-A*0201,Positive-Low,10,0,0.301483226
FMVFLQTHI,HLA-A*0201,Positive,8,5,0.800277193
FMYEGDTPL,HLA-A*0201,Positive,10,5,0.706449089
FMYSDFHFI,HLA-A*0201,Positive,6,2,0.714730067
FNMLSTVLGV,HLA-A*0201,Positive,5,5,0.93186658
FPPSPLFFFL,HLA-A*0201,Positive,0,0,0.908295618
FQANTPPAV,HLA-A*0201,Positive,5,5,0.949314576
FQGRGVFEL,HLA-A*0201,Positive,0,0,0.885810649
FQLNQSFEI,HLA-A*0201,Positive,0,0,0.909039598
FQQLFLNTL,HLA-A*0201,Positive,0,0,0.933150719
FQVDCFLWHV,HLA-A*0201,Positive,0,0,0.895812058
FSFPLDFLV,HLA-A*0201,Positive,0,0,0.889265358
FSSDVLNLV,HLA-A*0201,Positive,0,0,0.912934309
FTHNEYKFYV,HLA-A*0201,Positive,0,0,0.919200733
FTLENGLLT,HLA-A*0201,Positive,0,0,0.908800021
FTLVAPVSI,HLA-A*0201,Positive,8,1,0.566696943
FTNHFLVEL,HLA-A*0201,Positive,10,10,0.964094333
FTSAVLLLV,HLA-A*0201,Positive,8,2,0.631880636
FTWEGLYNV,HLA-A*0201,Positive,0,0,0.931106944
FTWPPWQAGI,HLA-A*0201,Positive,9,1,0.562828024
FVANFSMEL,HLA-A*0201,Positive,10,1,0.51636913
FVAQRTLRV,HLA-A*0201,Positive-Low,10,0,0.296983201
FVDYNFSLV,HLA-A*0201,Positive,9,2,0.628180851
FVDYNFTIV,HLA-A*0201,Positive,0,0,0.919702635
FVFLRNFSL,HLA-A*0201,Positive,0,0,0.887719964
FVGALSFSI,HLA-A*0201,Positive-Low,0,0,0.836106042
FVGEFFTDV,HLA-A*0201,Positive,0,0,0.912302077
FVGSYLVIV,HLA-A*0201,Positive,1,1,0.924291329
FVIFACNFV,HLA-A*0201,Positive,0,0,0.925208747
FVLVILARL,HLA-A*0201,Positive,0,0,0.89496223
FVNHDFTVV,HLA-A*0201,Positive,7,6,0.902701536
FVNHRFTLV,HLA-A*0201,Positive,9,4,0.693321736
FVNYDFALV,HLA-A*0201,Positive,9,3,0.640542717
FVNYDFTIV,HLA-A*0201,Positive,7,2,0.650807007
FVNYNFTLV,HLA-A*0201,Positive,17,4,0.501213242
FVSCCGELTV,HLA-A*0201,Positive,7,2,0.663919902
FVSCDFTIV,HLA-A*0201,Positive,17,5,0.550531542
FVVPILLKA,HLA-A*0201,Positive,1,1,0.918431037
FVYVFITHL,HLA-A*0201,Positive,0,0,0.870299821
FVYVFTTHL,HLA-A*0201,Positive,0,0,0.916590584
FWLLGAWAL,HLA-A*0201,Positive-Low,0,0,0.855512136
FWLLPAWAL,HLA-A*0201,Positive-Intermediate,0,0,0.913246628
FWMSPVFNL,HLA-A*0201,Positive-Low,10,0,0.32810854
FYTPLADQF,HLA-A*0201,Positive,1,1,0.915562801
GAAQYIGLV,HLA-A*0201,Positive,4,1,0.71009926
GAASGPKVV,HLA-A*0201,Positive,4,1,0.740549
GAGIGVAVL,HLA-A*0201,Positive-Intermediate,0,0,0.91320171
GAGIGVLTA,HLA-A*0201,Positive-Intermediate,0,0,0.885182258
GGNGMLATI,HLA-A*0201,Positive,0,0,0.894803582
GGPNLDNIL,HLA-A*0201,Positive,0,0,0.899324617
GIDPNIRTGV,HLA-A*0201,Positive,33,3,0.290023285
GIEGFVFTL,HLA-A*0201,Positive-Low,4,1,0.624776642
GIETELATL,HLA-A*0201,Positive,5,3,0.813612731
GIFEDRAPV,HLA-A*0201,Positive,0,0,0.920593687
GIIYIIYKL,HLA-A*0201,Positive,89,4,0.149237647
GILDFGVKL,HLA-A*0201,Positive,0,0,0.913883584
GILEFVFTL,HLA-A*0201,Positive,0,0,0.916516545
GILGFIFTL,HLA-A*0201,Positive,5,5,0.921618443
GILGFVFTL,HLA-A*0201,Positive,8,8,0.94098874
GILGFVFTLT,HLA-A*0201,Positive,0,0,0.92283434
GILGFVTTL,HLA-A*0201,Positive,0,0,0.923419844
GILGFVYTL,HLA-A*0201,Positive,5,5,0.939082168
GILGLVFTL,HLA-A*0201,Positive,0,0,0.903709785
GILGVVFTL,HLA-A*0201,Positive,5,5,0.932577862
GILTVSVAV,HLA-A*0201,Positive,8,8,0.947925654
GILVLFGFF,HLA-A*0201,Positive,5,1,0.700864822
GINTIPIAL,HLA-A*0201,Positive-High,90,75,0.850145877
GISCQGIIAV,HLA-A*0201,Positive,0,0,0.897605797
GIVEQCCTSI,HLA-A*0201,Positive,31,0,0.23440822
GIWGFVFTL,HLA-A*0201,Positive-Low,0,0,0.824888907
GLAAAVVAV,HLA-A*0201,Positive,0,0,0.91263225
GLADTVVAC,HLA-A*0201,Positive,0,0,0.913802586
GLAEDLAAL,HLA-A*0201,Positive,6,3,0.759619079
GLAGGAATA,HLA-A*0201,Positive,10,2,0.59816415
GLARLDALV,HLA-A*0201,Positive-Low,10,0,0.320744468
GLAVVLWSL,HLA-A*0201,Positive-Low,10,0,0.369574337
GLCPHCINV,HLA-A*0201,Positive,0,0,0.899534135
GLCPHCINVG,HLA-A*0201,Positive,0,0,0.904638179
GLCQVFADA,HLA-A*0201,Positive,4,2,0.800770174
GLCTLVAML,HLA-A*0201,Positive,0,0,0.918075167
GLDCARLEI,HLA-A*0201,Positive,7,1,0.624542888
GLDNHTILL,HLA-A*0201,Positive,6,6,0.932705259
GLEALVPLAV,HLA-A*0201,Positive,11,8,0.819877743
GLEQQIQEI,HLA-A*0201,Positive,6,1,0.665380379
GLFFSVYAL,HLA-A*0201,Positive-Low,10,0,0.318248746
GLFGAIAGFI,HLA-A*0201,Positive,0,0,0.905663477
GLFGGGGGV,HLA-A*0201,Positive,1,1,0.928099068
GLFGGLNWI,HLA-A*0201,Positive,83,12,0.229656993
GLFGKTQVGV,HLA-A*0201,Positive,0,0,0.902647013
GLFGNLIAL,HLA-A*0201,Positive,12,12,0.965002313
GLGKGTYGV,HLA-A*0201,Positive,0,0,0.913217545
GLGNVNGVT,HLA-A*0201,Positive,4,2,0.792576555
GLGWVGWLL,HLA-A*0201,Positive,5,5,0.936422095
GLIDIAPHQI,HLA-A*0201,Positive,0,0,0.905938115
GLIMVLSFL,HLA-A*0201,Positive,2,2,0.900590173
GLLDEDFYA,HLA-A*0201,Positive,0,0,0.922087838
GLLDKAVSNV,HLA-A*0201,Positive,11,5,0.684450244
GLLDQVAAL,HLA-A*0201,Positive-High,0,0,0.92535495
GLLGCIITSL,HLA-A*0201,Positive,22,1,0.331938345
GLLGFVFTL,HLA-A*0201,Positive,0,0,0.920266839
GLLGNVSTV,HLA-A*0201,Positive,2,2,0.929087974
GLLHHAPSL,HLA-A*0201,Positive,0,0,0.897512258
GLLLLGLWGT,HLA-A*0201,Positive,8,2,0.603720981
GLLPFHSTL,HLA-A*0201,Positive,0,0,0.890485294
GLLPSLLLLL,HLA-A*0201,Positive,9,4,0.695726465
GLLSLEEEL,HLA-A*0201,Positive,0,0,0.897653903
GLLTVCYVL,HLA-A*0201,Positive,7,4,0.771949614
GLMAIAWFI,HLA-A*0201,Positive,0,0,0.905961254
GLMEGQIVSV,HLA-A*0201,Positive,0,0,0.932293356
GLMNNAFEWI,HLA-A*0201,Positive,8,1,0.548169146
GLMWLSYFV,HLA-A*0201,Positive,3,3,0.934371396
GLNDYLHSV,HLA-A*0201,Positive,3,3,0.927616252
GLPRYVARL,HLA-A*0201,Positive,7,4,0.784574888
GLPVEYLQV,HLA-A*0201,Positive,5,5,0.937277519
GLQANPVEV,HLA-A*0201,Positive,10,10,0.947934042
GLQDCTMLV,HLA-A*0201,Positive,22,14,0.748997649
GLREDLLSL,HLA-A*0201,Positive-High,0,0,0.923728939
GLSAMSTTDL,HLA-A*0201,Positive,19,10,0.69836834
GLSISGNLL,HLA-A*0201,Positive,9,1,0.570349134
GLSPNLNRFL,HLA-A*0201,Positive-Intermediate,0,0,0.903444099
GLSPTVWLS,HLA-A*0201,Positive,10,6,0.768375955
GLSPTVWLSA,HLA-A*0201,Positive,2,2,0.930146351
GLSPTVWLSV,HLA-A*0201,Positive,12,4,0.642936659
GLTSFFIAI,HLA-A*0201,Positive,0,0,0.916249443
GLTVAVAGA,HLA-A*0201,Positive,4,2,0.789408154
GLVFRFSEV,HLA-A*0201,Positive-Low,10,0,0.290705699
GLVILLVLAL,HLA-A*0201,Positive,14,2,0.481027691
GLYDGMEHL,HLA-A*0201,Positive,0,0,0.893706682
GLYGNGILV,HLA-A*0201,Positive,75,25,0.416674558
GMFANRWII,HLA-A*0201,Positive,10,3,0.617683365
GMGPLLAMV,HLA-A*0201,Positive,0,0,0.916762054
GMGPLLATV,HLA-A*0201,Positive,0,0,0.904504974
GMGPSLIGL,HLA-A*0201,Positive,31,31,0.976452276
GMLGFVFTL,HLA-A*0201,Positive,9,9,0.962154201
GMLICLTVL,HLA-A*0201,Positive-Low,10,0,0.314185736
GMMRWCMPV,HLA-A*0201,Positive,0,0,0.903190524
GMNVANHFL,HLA-A*0201,Positive,0,0,0.91806405
GMSRIGMEV,HLA-A*0201,Positive,0,0,0.918337803
GMVAPLYGV,HLA-A*0201,Positive,91,35,0.43495774
GMVTTSTTL,HLA-A*0201,Positive,11,6,0.726477293
GTLGFVFTL,HLA-A*0201,Positive,5,5,0.935322621
GTLGIVCPI,HLA-A*0201,Positive,8,4,0.725354107
GVDPNIRTGV,HLA-A*0201,Positive,33,1,0.233168483
GVLDAVWRV,HLA-A*0201,Positive,0,0,0.890496434
GVLGFVFTL,HLA-A*0201,Positive,5,5,0.943808812
GVLVGVALI,HLA-A*0201,Positive,0,0,0.909827443
GVRVLEDGV,HLA-A*0201,Positive,10,3,0.593122554
GVSGVINAL,HLA-A*0201,Positive,7,3,0.754241497
GVWIRTPPA,HLA-A*0201,Positive-High,0,0,0.93087352
GVWIRTPTA,HLA-A*0201,Positive,0,0,0.915021813
GWVESDAAH,HLA-A*0201,Positive,4,1,0.749106643
GYTSGTGQG,HLA-A*0201,Positive,4,2,0.808772903
HIAGSLAVV,HLA-A*0201,Positive,36,17,0.574153356
HIAKSPFEV,HLA-A*0201,Positive,0,0,0.907943236
HIVEISTPV,HLA-A*0201,Positive,0,0,0.91382147
HLCGSHLVEA,HLA-A*0201,Positive,10,3,0.622445239
HLDDVGFLV,HLA-A*0201,Positive,10,2,0.584609764
HLGNVKYLV,HLA-A*0201,Positive,7,2,0.664035289
HLLTSPKPSL,HLA-A*0201,Positive,26,8,0.47593393
HLMDGDLGL,HLA-A*0201,Positive,0,0,0.908697225
HLMIDRPYV,HLA-A*0201,Positive,6,5,0.888841203
HLPVADAVI,HLA-A*0201,Positive,5,1,0.687206521
HLSLRGLFV,HLA-A*0201,Positive,50,27,0.59897412
HLSTAFARV,HLA-A*0201,Positive,46,1,0.191443946
HLVEALYLV,HLA-A*0201,Positive-Low,11,2,0.402949756
HMWNFISGI,HLA-A*0201,Positive,4,2,0.774206269
HQLGGVVEV,HLA-A*0201,Positive,0,0,0.909261642
HSWEDIPYL,HLA-A*0201,Positive,1,1,0.917024084
IADAALAAL,HLA-A*0201,Positive,0,0,0.91864243
IAGGVMAVV,HLA-A*0201,Positive,4,4,0.932929352
IAGIGILAI,HLA-A*0201,Positive-High,0,0,0.939940981
IAGNSAYEYV,HLA-A*0201,Positive,0,0,0.908262076
IAGPGTITL,HLA-A*0201,Positive-Low,0,0,0.849520742
IANYNFTLV,HLA-A*0201,Positive,5,1,0.702492009
ICWGNQLFV,HLA-A*0201,Positive,0,0,0.909582439
IGEDIVLTG,HLA-A*0201,Positive-Low,12,0,0.276786979
IGEDIVLTL,HLA-A*0201,Positive-Low,0,0,0.84476626
IGGIGTVPV,HLA-A*0201,Positive-Intermediate,0,0,0.911041705
IGLITVLFL,HLA-A*0201,Positive,14,1,0.436736694
IIIEGILFV,HLA-A*0201,Positive,0,0,0.911434635
IIIPFIAYFV,HLA-A*0201,Positive,0,0,0.87222953
IILEFFLIV,HLA-A*0201,Positive,7,2,0.654858221
IILEGILIL,HLA-A*0201,Positive,0,0,0.907180323
IILEGILLL,HLA-A*0201,Positive,0,0,0.911765723
IILENFLFF,HLA-A*0201,Positive,0,0,0.909989572
IILENILLF,HLA-A*0201,Positive,0,0,0.916829226
IILNGSLLTL,HLA-A*0201,Positive,8,1,0.575570472
IILVAVPHV,HLA-A*0201,Positive,0,0,0.893372897
IIMDEAHFL,HLA-A*0201,Positive,88,41,0.521008296
IITEGIMTL,HLA-A*0201,Positive,0,0,0.902854158
IIVCNAFIL,HLA-A*0201,Positive,0,0,0.913178825
IIVEDSLLV,HLA-A*0201,Positive,0,0,0.916987774
IIWGELFGV,HLA-A*0201,Positive-Low,10,0,0.310246326
ILAAFLHWL,HLA-A*0201,Positive,0,0,0.903199355
ILAGYGAGV,HLA-A*0201,Positive,0,0,0.889161907
ILAKFAHWL,HLA-A*0201,Positive,0,0,0.913560396
ILAKFLHEL,HLA-A*0201,Positive-Low,0,0,0.80871217
ILAKFLHRL,HLA-A*0201,Positive-Low,0,0,0.833238562
ILAKFLHTL,HLA-A*0201,Positive,0,0,0.921008713
ILAKFLHWL,HLA-A*0201,Positive,0,0,0.9009654
ILAVDGVLSV,HLA-A*0201,Positive,36,15,0.525741448
ILDAHSLYL,HLA-A*0201,Positive-High,1,1,0.930697476
ILDDNLYKV,HLA-A*0201,Positive,8,4,0.739823988
ILDEKPVII,HLA-A*0201,Positive,12,2,0.523315054
ILDKKVEKV,HLA-A*0201,Positive,3,3,0.924656227
ILDKLNWDL,HLA-A*0201,Positive,6,1,0.626343981
ILDSFDPLV,HLA-A*0201,Positive,0,0,0.907238106
ILEDIVLTG,HLA-A*0201,Positive-Low,12,0,0.283087487
ILEDIVLTL,HLA-A*0201,Positive,12,12,0.964275805
ILEDRGFNQV,HLA-A*0201,Positive,0,0,0.909731518
ILEETSVML,HLA-A*0201,Positive,0,0,0.914748144
ILEYLTAEV,HLA-A*0201,Positive,9,6,0.785327881
ILGALLSIL,HLA-A*0201,Positive-Low,32,3,0.196467411
ILGFVFTLTV,HLA-A*0201,Positive,6,4,0.817292202
ILGGQVVHTV,HLA-A*0201,Positive,0,0,0.9201252
ILGIFNEFV,HLA-A*0201,Positive-Low,0,0,0.847827087
ILGKFLHRL,HLA-A*0201,Positive,0,0,0.896946103
ILGKFLHTL,HLA-A*0201,Positive,0,0,0.910813832
ILGKFLHWL,HLA-A*0201,Positive,0,0,0.902647906
ILHTNMPNV,HLA-A*0201,Positive-Low,28,7,0.347950873
ILIEGIFFA,HLA-A*0201,Positive,0,0,0.894006831
ILIEGIFFV,HLA-A*0201,Positive,21,15,0.789740984
ILIEGILFF,HLA-A*0201,Positive,0,0,0.911344539
ILIEGVFFA,HLA-A*0201,Positive,1,1,0.930374004
ILIENALMF,HLA-A*0201,Positive,0,0,0.901593531
ILIERFLLL,HLA-A*0201,Positive,0,0,0.92663482
ILIERGLTF,HLA-A*0201,Positive,0,0,0.914929659
ILIERILLA,HLA-A*0201,Positive,0,0,0.907976552
ILIERSPFL,HLA-A*0201,Positive,0,0,0.886098483
ILITQVLGL,HLA-A*0201,Positive,0,0,0.911496691
ILIVGMLVL,HLA-A*0201,Positive,0,0,0.918006911
ILIVMFPFL,HLA-A*0201,Positive,0,0,0.903309026
ILIVMVPFL,HLA-A*0201,Positive,0,0,0.925985523
ILKDFSILL,HLA-A*0201,Positive,36,14,0.513521458
ILKEPVHGV,HLA-A*0201,Positive,31,23,0.795253217
ILLARLFLY,HLA-A*0201,Positive,0,0,0.924671653
ILLDWAANI,HLA-A*0201,Positive,0,0,0.911376084
ILLDWAANV,HLA-A*0201,Positive,0,0,0.91441837
ILLEDGMLL,HLA-A*0201,Positive,0,0,0.929239099
ILLENGYLL,HLA-A*0201,Positive,0,0,0.903387072
ILLENVLFA,HLA-A*0201,Positive,0,0,0.909649831
ILLERILIF,HLA-A*0201,Positive,0,0,0.873977041
ILLGSLSDL,HLA-A*0201,Positive,7,1,0.597138533
ILLLFLTIFI,HLA-A*0201,Positive,0,0,0.911501882
ILLLSLNPV,HLA-A*0201,Positive,4,2,0.78815794
ILLNKHIDA,HLA-A*0201,Positive,0,0,0.879093606
ILLVAVSFV,HLA-A*0201,Positive,0,0,0.906817119
ILLWEIPDV,HLA-A*0201,Positive,11,2,0.555085789
ILMHCQTTL,HLA-A*0201,Positive,11,1,0.482476908
ILMNDQEVGV,HLA-A*0201,Positive,89,13,0.224082817
ILMWEAVTL,HLA-A*0201,Positive,7,5,0.818603315
ILNAMIAKI,HLA-A*0201,Positive,0,0,0.893136895
ILNAMITKI,HLA-A*0201,Positive,0,0,0.896139259
ILNDEQLNL,HLA-A*0201,Positive,6,2,0.719656643
ILNDSGETV,HLA-A*0201,Positive,86,40,0.524933924
ILNNPKASL,HLA-A*0201,Positive-Low,0,0,0.83892903
ILNVDIFTL,HLA-A*0201,Positive,0,0,0.911058261
ILNVDVFTL,HLA-A*0201,Positive,0,0,0.91108371
ILPDPLKPT,HLA-A*0201,Positive,0,0,0.914058054
ILPGQDLQYV,HLA-A*0201,Positive,35,3,0.288683178
ILPSKSLEV,HLA-A*0201,Positive,7,1,0.598040725
ILQDMRNTI,HLA-A*0201,Positive,7,7,0.942341852
ILRSFIPLL,HLA-A*0201,Positive-High,0,0,0.946632167
ILSAHVATA,HLA-A*0201,Positive-Low,32,1,0.167617595
ILSDENYLL,HLA-A*0201,Positive,1,1,0.930471396
ILSLELMKL,HLA-A*0201,Positive,0,0,0.912182186
ILSPFLPLL,HLA-A*0201,Positive,0,0,0.921676965
ILSPSAHEL,HLA-A*0201,Positive-Low,0,0,0.795770259
ILTDIEEKV,HLA-A*0201,Positive,0,0,0.921868638
ILTGLNYEA,HLA-A*0201,Positive,0,0,0.918141927
ILTGLNYEV,HLA-A*0201,Positive,0,0,0.897639767
ILTVILGVL,HLA-A*0201,Positive,0,0,0.897020608
ILVAGLSGC,HLA-A*0201,Positive,4,2,0.808627806
ILVENQLFI,HLA-A*0201,Positive,0,0,0.919075033
ILVENQLLV,HLA-A*0201,Positive,0,0,0.918550361
ILVERALFT,HLA-A*0201,Positive,0,0,0.887957068
ILVLASTITI,HLA-A*0201,Positive,36,1,0.238693813
ILVVSLLLV,HLA-A*0201,Positive-Low,10,0,0.318783821
ILYGPLTRI,HLA-A*0201,Positive,0,0,0.888750938
IMAKNEVFCV,HLA-A*0201,Positive,0,0,0.91022661
IMAVGMVSI,HLA-A*0201,Positive,7,3,0.716931612
IMDKNIILKA,HLA-A*0201,Positive,4,2,0.805223298
IMDQVPFSV,HLA-A*0201,Positive,3,2,0.847611143
IMEDVGWLNV,HLA-A*0201,Positive,0,0,0.893504969
IMELATAGI,HLA-A*0201,Positive,7,3,0.731824465
IMGGELPTA,HLA-A*0201,Positive,2,1,0.875272026
IMIENILFF,HLA-A*0201,Positive,0,0,0.914301702
IMIGHLVGV,HLA-A*0201,Positive,0,0,0.922777372
IMIGVLVGV,HLA-A*0201,Positive,0,0,0.893667856
IMILLVLVSA,HLA-A*0201,Positive,11,3,0.59103212
IMLEALERV,HLA-A*0201,Positive-Low,0,0,0.849405209
IMLEGETKL,HLA-A*0201,Positive,0,0,0.911155593
IMLENGPFL,HLA-A*0201,Positive,0,0,0.922479209
IMMGVLVGV,HLA-A*0201,Positive,0,0,0.923191403
IMPGQEAGL,HLA-A*0201,Positive,10,10,0.953589497
IMSGEVPSM,HLA-A*0201,Positive,0,0,0.904460204
IMSSFEFQV,HLA-A*0201,Positive,8,1,0.601304835
IMSSSLFNL,HLA-A*0201,Positive-Low,0,0,0.854607399
IMVLSFLFL,HLA-A*0201,Positive,17,1,0.393247768
IMYEGLLFV,HLA-A*0201,Positive,0,0,0.918232238
IMYNYPAML,HLA-A*0201,Positive,13,5,0.613387973
IQATVMIIV,HLA-A*0201,Positive,11,2,0.545303545
IQLENSLFA,HLA-A*0201,Positive,0,0,0.913541389
ITDQVPFSV,HLA-A*0201,Positive,0,0,0.888165931
ITIENILLV,HLA-A*0201,Positive,0,0,0.906281579
ITIERILFI,HLA-A*0201,Positive,0,0,0.898669314
ITIERILTI,HLA-A*0201,Positive,0,0,0.915999962
ITIERMLSV,HLA-A*0201,Positive,0,0,0.927823546
ITLERALFM,HLA-A*0201,Positive,0,0,0.883439262
ITMGSLFFV,HLA-A*0201,Positive,0,0,0.913533663
ITNCLLSTA,HLA-A*0201,Positive-Low,0,0,0.874750501
ITSAIGILPV,HLA-A*0201,Positive,5,5,0.939924439
ITSAIGVLFV,HLA-A*0201,Positive,5,5,0.938578693
ITSAIGVLPI,HLA-A*0201,Positive,5,5,0.926336094
ITSAIGVLPV,HLA-A*0201,Positive,0,0,0.904186651
ITSGIGVLPV,HLA-A*0201,Positive,5,5,0.936203839
IVDKNITLKA,HLA-A*0201,Positive,4,2,0.806878901
IVLEGAMIV,HLA-A*0201,Positive,0,0,0.928024961
IVLENFFIS,HLA-A*0201,Positive,0,0,0.908841294
IVLGLIATA,HLA-A*0201,Positive,0,0,0.874494334
IVSPFIPLL,HLA-A*0201,Positive,0,0,0.906374757
IVYLCPVLV,HLA-A*0201,Positive-Low,10,0,0.305608532
KAANIVLTV,HLA-A*0201,Positive,4,4,0.926423937
KAFLTQLDEL,HLA-A*0201,Positive,11,8,0.818401682
KAFQDVLYV,HLA-A*0201,Positive,0,0,0.913370644
KASEKIFYV,HLA-A*0201,Positive,0,0,0.91885165
KCIDFYSRI,HLA-A*0201,Positive,3,2,0.876673492
KDLVLLATI,HLA-A*0201,Positive,0,0,0.917404117
KIADPICTFI,HLA-A*0201,Positive-Low,32,3,0.21676443
KIDYYIPYV,HLA-A*0201,Positive,3,2,0.858715835
KIEDLINQL,HLA-A*0201,Positive,6,1,0.647870247
KIFGSLAFL,HLA-A*0201,Positive,0,0,0.912995638
KIIKLFFRL,HLA-A*0201,Positive,10,10,0.949356144
KILSVFFLA,HLA-A*0201,Positive,2,2,0.93123772
KISEYRHYC,HLA-A*0201,Positive,0,0,0.898686129
KISEYRHYV,HLA-A*0201,Positive,0,0,0.901567843
KISHIMLDVA,HLA-A*0201,Positive,9,2,0.5752939
KISNTTFEV,HLA-A*0201,Positive,6,1,0.665968081
KITGTATGV,HLA-A*0201,Positive,4,3,0.863736119
KITSYKFESV,HLA-A*0201,Positive,2,1,0.827925975
KIVALGINAV,HLA-A*0201,Positive,0,0,0.91248872
KIYQIGRSV,HLA-A*0201,Positive,6,4,0.831033509
KLADYLNVL,HLA-A*0201,Positive-Low,0,0,0.781380134
KLAEAIFKL,HLA-A*0201,Positive-Low,0,0,0.802896784
KLAGIGILTV,HLA-A*0201,Positive,0,0,0.922185978
KLAKPLPYT,HLA-A*0201,Positive,0,0,0.918079194
KLCKVRKITV,HLA-A*0201,Positive,10,6,0.763507076
KLCTFSFLI,HLA-A*0201,Positive,5,1,0.694855093
KLEDENPWL,HLA-A*0201,Positive,0,0,0.904913906
KLEDLERDL,HLA-A*0201,Positive,0,0,0.923916024
KLEKIEDEL,HLA-A*0201,Positive,8,1,0.586562532
KLEPMASIL,HLA-A*0201,Positive,10,5,0.715333105
KLFEFLVHGV,HLA-A*0201,Positive,0,0,0.907666236
KLFEFLVYGV,HLA-A*0201,Positive,0,0,0.921657791
KLFPEVIDL,HLA-A*0201,Positive,13,9,0.772515559
KLFSDISAI,HLA-A*0201,Positive-Low,2,2,0.867303197
KLGASPLHV,HLA-A*0201,Positive,0,0,0.89668912
KLGEFYNQM,HLA-A*0201,Positive,0,0,0.919495318
KLGGYVSFV,HLA-A*0201,Positive,8,1,0.573922245
KLGPGEEQV,HLA-A*0201,Positive,6,6,0.944189171
KLIAGVNYI,HLA-A*0201,Positive,0,0,0.90887512
KLIANNTRV,HLA-A*0201,Positive,5,5,0.941792426
KLIETYFSK,HLA-A*0201,Positive,0,0,0.922791014
KLIVTPAAL,HLA-A*0201,Positive,0,0,0.903444657
KLKKIKNSI,HLA-A*0201,Positive,17,7,0.628148743
KLKKIKNSL,HLA-A*0201,Positive,17,4,0.502464907
KLKSLGLNAV,HLA-A*0201,Positive,0,0,0.90149126
KLLAGDEIV,HLA-A*0201,Positive,0,0,0.921838527
KLLAGVEIV,HLA-A*0201,Positive,0,0,0.909471878
KLLALGINAV,HLA-A*0201,Positive,3,3,0.922938034
KLLEIAPNC,HLA-A*0201,Positive,0,0,0.91686517
KLLEILAEHV,HLA-A*0201,Positive,5,5,0.934225417
KLLGLGINAV,HLA-A*0201,Positive-Low,1,1,0.859672338
KLLGQINLV,HLA-A*0201,Positive,8,2,0.647032096
KLLPEGYWV,HLA-A*0201,Positive,8,2,0.662976444
KLLSSGAFSA,HLA-A*0201,Positive,25,9,0.496026195
KLMNIQQQL,HLA-A*0201,Positive,0,0,0.900139021
KLMPPDRTAV,HLA-A*0201,Positive,0,0,0.902503709
KLMQWITQV,HLA-A*0201,Positive,0,0,0.932245267
KLNDWDFVV,HLA-A*0201,Positive-High,2,2,0.952756106
KLNPMLAKA,HLA-A*0201,Positive,0,0,0.89996361
KLNTITAVV,HLA-A*0201,Positive,0,0,0.917171154
KLNTITPVV,HLA-A*0201,Positive,0,0,0.925147415
KLNWDLHTA,HLA-A*0201,Positive,10,10,0.953929786
KLPDDFMGCV,HLA-A*0201,Positive,4,4,0.930135295
KLPDLCTEL,HLA-A*0201,Positive,15,5,0.57346487
KLPLDIDPV,HLA-A*0201,Positive,0,0,0.872666776
KLPLDINPV,HLA-A*0201,Positive,0,0,0.929046765
KLPQLCTEV,HLA-A*0201,Positive,0,0,0.929763999
KLQCVDLHV,HLA-A*0201,Positive,4,1,0.726615075
KLQEQQSDL,HLA-A*0201,Positive,17,1,0.375484651
KLQQKEEQL,HLA-A*0201,Positive-Low,8,4,0.646742103
KLQVFLIVL,HLA-A*0201,Positive-High,9,6,0.846860366
KLRKPKHKKL,HLA-A*0201,Positive,17,3,0.487367109
KLSALGINAV,HLA-A*0201,Positive,1,1,0.918775545
KLSDYEGRL,HLA-A*0201,Positive,0,0,0.90775543
KLSEGDLLA,HLA-A*0201,Positive,4,4,0.921976629
KLSELHAYI,HLA-A*0201,Positive,0,0,0.909895814
KLSELHTYI,HLA-A*0201,Positive,0,0,0.908182765
KLSGLGINAI,HLA-A*0201,Positive,1,1,0.910642184
KLSGLGINAV,HLA-A*0201,Positive,6,6,0.948317372
KLSGLGLNAV,HLA-A*0201,Positive,1,1,0.928099094
KLSHQLVLL,HLA-A*0201,Positive,0,0,0.88876797
KLSHQPVLL,HLA-A*0201,Positive,0,0,0.907436958
KLSREIMPV,HLA-A*0201,Positive,0,0,0.897177722
KLSSLGLNAV,HLA-A*0201,Positive,7,6,0.887055814
KLSSLGLNSV,HLA-A*0201,Positive-Low,3,2,0.827524556
KLTALGINAV,HLA-A*0201,Positive,3,3,0.933619762
KLTDWDFVV,HLA-A*0201,Positive,0,0,0.916949569
KLTFLDVEV,HLA-A*0201,Positive,6,1,0.65359216
KLTNTGLYNL,HLA-A*0201,Positive,20,8,0.583525555
KLTPLCVSL,HLA-A*0201,Positive,0,0,0.926492181
KLTPLCVTL,HLA-A*0201,Positive,0,0,0.921747237
KLTQINFNM,HLA-A*0201,Positive-Low,0,0,0.856611344
KLVAAGINAV,HLA-A*0201,Positive,5,5,0.937230328
KLVACGINAV,HLA-A*0201,Positive-Low,4,4,0.891615586
KLVADGINAV,HLA-A*0201,Positive,5,5,0.93990717
KLVAEGINAV,HLA-A*0201,Positive,6,6,0.937814741
KLVAFGINAV,HLA-A*0201,Positive-High,4,4,0.94925662
KLVAGGINAV,HLA-A*0201,Positive,4,4,0.929933295
KLVAHGINAV,HLA-A*0201,Positive-High,5,5,0.952219915
KLVAIGINAV,HLA-A*0201,Positive,4,4,0.9342164
KLVAKGINAV,HLA-A*0201,Positive,5,5,0.919695987
KLVALGINAV,HLA-A*0201,Positive,0,0,0.906551803
KLVALGINNV,HLA-A*0201,Positive-Low,0,0,0.87783456
KLVALGLNAV,HLA-A*0201,Positive,0,0,0.904827157
KLVALGNNAV,HLA-A*0201,Positive,3,2,0.861473018
KLVALGVNAV,HLA-A*0201,Positive,2,2,0.929686347
KLVAMGINAV,HLA-A*0201,Positive,1,1,0.92618859
KLVANGINAV,HLA-A*0201,Positive,3,3,0.92776371
KLVANNTRL,HLA-A*0201,Positive,0,0,0.908814098
KLVAPGINAV,HLA-A*0201,Positive,4,4,0.934750049
KLVAQGINAV,HLA-A*0201,Positive,5,5,0.930565454
KLVARGINAV,HLA-A*0201,Positive,4,4,0.93423197
KLVASGINAV,HLA-A*0201,Positive,4,4,0.943010754
KLVATGINAV,HLA-A*0201,Positive,5,5,0.944085812
KLVAVGINAV,HLA-A*0201,Positive,4,4,0.938862554
KLVAWGINAV,HLA-A*0201,Positive,5,5,0.942473438
KLVAYGINAV,HLA-A*0201,Positive-High,4,4,0.933731639
KLVCSPAPC,HLA-A*0201,Positive,3,3,0.918072523
KLVGKTVKV,HLA-A*0201,Positive,6,1,0.642868605
KLVMSQANV,HLA-A*0201,Positive-Low,8,4,0.66997103
KLVRELFRV,HLA-A*0201,Positive,6,4,0.810380319
KLVSLGVNAV,HLA-A*0201,Positive,1,1,0.907629617
KLVTLGINAV,HLA-A*0201,Positive,3,2,0.883984974
KLVVLGINAV,HLA-A*0201,Positive,2,2,0.920928006
KLWASPLHV,HLA-A*0201,Positive,0,0,0.912572556
KLWCRHFCV,HLA-A*0201,Positive,0,0,0.906364662
KLWESPQEI,HLA-A*0201,Positive,10,8,0.857034598
KLYCSYEVA,HLA-A*0201,Positive,8,2,0.617294321
KLYQNPTTYI,HLA-A*0201,Positive,0,0,0.907679808
KMAAFPETL,HLA-A*0201,Positive,27,16,0.69216406
KMDQLAKEL,HLA-A*0201,Positive,6,3,0.774179364
KMLKEMGEV,HLA-A*0201,Positive,10,10,0.946352354
KMMYMCYRNI,HLA-A*0201,Positive,44,0,0.190976943
KMVAVFYNT,HLA-A*0201,Positive,0,0,0.91392316
KMVAVFYTT,HLA-A*0201,Positive,0,0,0.906726507
KMYAFTLES,HLA-A*0201,Positive,11,1,0.505654972
KMYAFTLESV,HLA-A*0201,Positive-Low,32,3,0.220912276
KNKEKALII,HLA-A*0201,Positive,3,1,0.775745901
KQLAAVARV,HLA-A*0201,Positive-Low,10,0,0.296067291
KQMWQARLTV,HLA-A*0201,Positive,90,0,0.098625927
KSLFNTIATL,HLA-A*0201,Positive,3,2,0.852235
KSLFNTIAVL,HLA-A*0201,Positive,3,2,0.849162405
KSLFNTVATL,HLA-A*0201,Positive,3,2,0.863260053
KSLFNTVAVL,HLA-A*0201,Positive,3,2,0.879470086
KSLNYSGVK,HLA-A*0201,Positive,9,1,0.5288455
KSLYNTIATL,HLA-A*0201,Positive,3,2,0.855480841
KSLYNTIAVL,HLA-A*0201,Positive,3,2,0.8591338
KSLYNTVATL,HLA-A*0201,Positive,3,2,0.866023731
KSLYNTVAVL,HLA-A*0201,Positive,3,2,0.856300383
KTVDLILEL,HLA-A*0201,Positive-Low,8,3,0.561211261
KTWADEYLCV,HLA-A*0201,Positive,8,2,0.621800492
KTWGQYWQV,HLA-A*0201,Positive-High,6,1,0.728451134
KVAEIVHFL,HLA-A*0201,Positive,0,0,0.913857337
KVAELVHFL,HLA-A*0201,Positive,0,0,0.893162636
KVAELVWFL,HLA-A*0201,Positive,0,0,0.903336964
KVDDTFYYV,HLA-A*0201,Positive,1,1,0.930429907
KVLEYVIKV,HLA-A*0201,Positive,4,3,0.863320659
KVLGLWATV,HLA-A*0201,Positive-High,0,0,0.95281885
KVLHKRTLGL,HLA-A*0201,Positive,20,4,0.449196734
KVLIRCYLC,HLA-A*0201,Positive,21,1,0.349353182
KVVSLVILA,HLA-A*0201,Positive,8,1,0.588059672
KYQEFFWDA,HLA-A*0201,Positive,9,1,0.535230031
LAAPPPQRA,HLA-A*0201,Positive,4,1,0.748692828
LAESIRPLV,HLA-A*0201,Positive,4,1,0.724133299
LAGIGLIAA,HLA-A*0201,Positive-Low,0,0,0.807922507
LAIAAMASA,HLA-A*0201,Positive,4,1,0.726960906
LALLLLDRL,HLA-A*0201,Positive,0,0,0.905313336
LALPMPATA,HLA-A*0201,Positive,0,0,0.905275745
LAVDGVLSV,HLA-A*0201,Positive-Low,32,3,0.195974689
LCGSHLVEAL,HLA-A*0201,Positive,49,2,0.194687469
LEATYASTL,HLA-A*0201,Positive,0,0,0.926322331
LFAAFPSFA,HLA-A*0201,Positive,8,8,0.938511251
LFLNTLSFV,HLA-A*0201,Positive,21,1,0.342756345
LGGLGLFFA,HLA-A*0201,Positive,0,0,0.910916653
LGVIGLVAL,HLA-A*0201,Positive-Low,0,0,0.826389447
LGYGFVNYI,HLA-A*0201,Positive,1,1,0.926921375
LGYGFVNYV,HLA-A*0201,Positive,1,1,0.916596971
LIASNVAGV,HLA-A*0201,Positive,0,0,0.931886116
LIDQYLYYL,HLA-A*0201,Positive-High,0,0,0.941148148
LIEDFDIYV,HLA-A*0201,Positive,0,0,0.899392921
LIEERSPLI,HLA-A*0201,Positive,0,0,0.926327164
LIEKPVAPSV,HLA-A*0201,Positive-Low,10,4,0.555285332
LIFLARSAL,HLA-A*0201,Positive-Low,0,0,0.813823252
LIFLLLLPSV,HLA-A*0201,Positive,0,0,0.916958268
LIFNMLYWI,HLA-A*0201,Positive,0,0,0.923593212
LIIEGMLTF,HLA-A*0201,Positive,0,0,0.895012645
LIIENAPLI,HLA-A*0201,Positive,0,0,0.927114433
LIIENLLIV,HLA-A*0201,Positive,0,0,0.910460992
LIIENQLFF,HLA-A*0201,Positive,0,0,0.888925848
LIIEWIFFL,HLA-A*0201,Positive,0,0,0.911641221
LIIEWYLIM,HLA-A*0201,Positive,0,0,0.916985356
LIIPCIHLI,HLA-A*0201,Positive,0,0,0.914441376
LIIPFIHLI,HLA-A*0201,Positive,0,0,0.9090168
LILATMLVA,HLA-A*0201,Positive,11,4,0.638674313
LILDPKINV,HLA-A*0201,Positive,6,1,0.669599017
LILENALIA,HLA-A*0201,Positive,0,0,0.905074545
LILENYMFA,HLA-A*0201,Positive,0,0,0.907195744
LILERALLL,HLA-A*0201,Positive,0,0,0.894627086
LILERSPTA,HLA-A*0201,Positive,0,0,0.921649123
LILQGVLTM,HLA-A*0201,Positive,0,0,0.901589943
LITEGALMV,HLA-A*0201,Positive,0,0,0.876220342
LITGRLQSL,HLA-A*0201,Positive,0,0,0.912561305
LITNYLPSV,HLA-A*0201,Positive-Low,10,0,0.288379031
LIVDAVLQL,HLA-A*0201,Positive,5,1,0.690464202
LIVEGILLT,HLA-A*0201,Positive,0,0,0.906527829
LIVENAPIL,HLA-A*0201,Positive,0,0,0.91572529
LIVERWLLA,HLA-A*0201,Positive,0,0,0.914954937
LIWTGMIDL,HLA-A*0201,Positive,0,0,0.906620538
LLAALVQDYL,HLA-A*0201,Positive,15,10,0.794747123
LLAAVAALL,HLA-A*0201,Positive,0,0,0.91567485
LLAGIGTVPI,HLA-A*0201,Positive,0,0,0.928425229
LLAGTLAGV,HLA-A*0201,Positive,0,0,0.934846061
LLAGTLAVV,HLA-A*0201,Positive,0,0,0.921743519
LLAIKVPNV,HLA-A*0201,Positive,0,0,0.925225216
LLAILPYYV,HLA-A*0201,Positive,0,0,0.897926612
LLAILTYYV,HLA-A*0201,Positive,0,0,0.885033763
LLALAAGLAV,HLA-A*0201,Positive,10,9,0.899163721
LLALLSCLTV,HLA-A*0201,Positive,0,0,0.908079297
LLAMKVPNV,HLA-A*0201,Positive,0,0,0.920603094
LLAMTVPNV,HLA-A*0201,Positive,0,0,0.902930536
LLANGNVYA,HLA-A*0201,Positive-Low,10,0,0.324087729
LLAPGPLFV,HLA-A*0201,Positive-High,10,10,0.960892932
LLATTVSGL,HLA-A*0201,Positive,0,0,0.917886114
LLAVAVYAV,HLA-A*0201,Positive-Low,10,0,0.3115299
LLAVLTAAPL,HLA-A*0201,Positive,8,6,0.837996099
LLCAGQVTAL,HLA-A*0201,Positive,10,2,0.591597107
LLCGNLLIL,HLA-A*0201,Positive,0,0,0.909546479
LLCLIFLLV,HLA-A*0201,Positive,12,2,0.549034612
LLCPAGHAV,HLA-A*0201,Positive,22,7,0.503613305
LLCPKSIPGL,HLA-A*0201,Positive,9,1,0.562127698
LLDAHIPQL,HLA-A*0201,Positive,0,0,0.912231349
LLDEGKQSL,HLA-A*0201,Positive,6,2,0.681443902
LLDEKGPEV,HLA-A*0201,Positive,0,0,0.908513845
LLDFVRFMGV,HLA-A*0201,Positive,0,0,0.916237322
LLDFVRFMGY,HLA-A*0201,Positive,23,6,0.461279394
LLDFVRMGV,HLA-A*0201,Positive,0,0,0.902958128
LLDKAVSNVI,HLA-A*0201,Positive,11,6,0.724113572
LLDQLIEEV,HLA-A*0201,Positive,0,0,0.909856538
LLDSSTTRV,HLA-A*0201,Positive,0,0,0.926459642
LLDVAPLSL,HLA-A*0201,Positive,3,3,0.934208795
LLDVPTAAV,HLA-A*0201,Positive,3,2,0.886186843
LLDYQGMLPV,HLA-A*0201,Positive,12,3,0.57275268
LLEENSPML,HLA-A*0201,Positive,0,0,0.913274253
LLFAAFSSA,HLA-A*0201,Positive,0,0,0.902874769
LLFALHFSA,HLA-A*0201,Positive,0,0,0.901538033
LLFALYFSA,HLA-A*0201,Positive,0,0,0.908915809
LLFEEYTNI,HLA-A*0201,Positive,10,1,0.51412777
LLFGFPVYV,HLA-A*0201,Positive,0,0,0.930324633
LLFGHPVYV,HLA-A*0201,Positive-Low,1,1,0.840043677
LLFGLALIEV,HLA-A*0201,Positive,0,0,0.912234609
LLFGMPPCL,HLA-A*0201,Positive,0,0,0.908692182
LLFGMTPCL,HLA-A*0201,Positive,0,0,0.893778175
LLFGYPRYV,HLA-A*0201,Positive,0,0,0.91217721
LLFGYPVFV,HLA-A*0201,Positive-Low,0,0,0.831008886
LLFGYPVYV,HLA-A*0201,Positive,0,0,0.915902279
LLFLTIFIYA,HLA-A*0201,Positive,0,0,0.88710915
LLFNILGGWV,HLA-A*0201,Positive,0,0,0.906131675
LLGATCMFV,HLA-A*0201,Positive-Intermediate,0,0,0.924524635
LLGCIITSL,HLA-A*0201,Positive,22,3,0.401655638
LLGCPVPLGV,HLA-A*0201,Positive,0,0,0.914626758
LLGLWGLTGL,HLA-A*0201,Positive,18,14,0.821401777
LLGLWGTAAL,HLA-A*0201,Positive,9,2,0.588944137
LLGLWVFAAL,HLA-A*0201,Positive,8,3,0.701538439
LLGRNSFEV,HLA-A*0201,Positive,0,0,0.899612375
LLHDRQHSI,HLA-A*0201,Positive,6,2,0.687469855
LLHGFSFHL,HLA-A*0201,Positive-Low,0,0,0.829675687
LLHGFSFYL,HLA-A*0201,Positive,0,0,0.900786037
LLHTDFEQV,HLA-A*0201,Positive,0,0,0.901354416
LLHTDFEQVM,HLA-A*0201,Positive-Low,0,0,0.876951046
LLIADNPQL,HLA-A*0201,Positive,26,7,0.486211724
LLIASVTWL,HLA-A*0201,Positive,0,0,0.911747365
LLIDLTSFL,HLA-A*0201,Positive,0,0,0.913509944
LLIDLTSFLL,HLA-A*0201,Positive-High,32,14,0.614041565
LLIEGGLFL,HLA-A*0201,Positive,0,0,0.905180719
LLIEGIFFI,HLA-A*0201,Positive,13,4,0.567922106
LLIENAMFI,HLA-A*0201,Positive,0,0,0.925872268
LLIENFVTG,HLA-A*0201,Positive,0,0,0.912997461
LLIERFLFL,HLA-A*0201,Positive,0,0,0.928345297
LLIERGLLA,HLA-A*0201,Positive,0,0,0.910708857
LLIERYLLV,HLA-A*0201,Positive,0,0,0.910280557
LLIGGFAGL,HLA-A*0201,Positive-High,0,0,0.930850482
LLIIGGLLF,HLA-A*0201,Positive,0,0,0.923356724
LLIKGGVEV,HLA-A*0201,Positive,7,1,0.597066646
LLIKKLPRV,HLA-A*0201,Positive-Low,0,0,0.835729074
LLILCVTQV,HLA-A*0201,Positive,42,1,0.210656294
LLLAEPFPV,HLA-A*0201,Positive,0,0,0.913983464
LLLAVAVYA,HLA-A*0201,Positive-Low,10,0,0.322324863
LLLDVPTAAV,HLA-A*0201,Positive,8,5,0.787965973
LLLEGALLA,HLA-A*0201,Positive,0,0,0.91271129
LLLEGGILF,HLA-A*0201,Positive,0,0,0.914915146
LLLENALTV,HLA-A*0201,Positive,0,0,0.91601381
LLLEQALLV,HLA-A*0201,Positive,0,0,0.916829938
LLLERMFLF,HLA-A*0201,Positive,0,0,0.905726627
LLLERYFLA,HLA-A*0201,Positive,0,0,0.886660717
LLLFLTIFI,HLA-A*0201,Positive,0,0,0.915811059
LLLGLWGTAA,HLA-A*0201,Positive,8,3,0.70155912
LLLGTLNIV,HLA-A*0201,Positive,0,0,0.903278294
LLLHCPSKTV,HLA-A*0201,Positive,10,6,0.76953367
LLLHSLTPL,HLA-A*0201,Positive-Low,10,0,0.301229202
LLLIWFRPV,HLA-A*0201,Positive,5,5,0.932185024
LLLLDVAPL,HLA-A*0201,Positive,3,3,0.921593439
LLLLGLWGL,HLA-A*0201,Positive,4,3,0.848396585
LLLLLPPRV,HLA-A*0201,Positive,10,10,0.952123226
LLLNMLIAL,HLA-A*0201,Positive,0,0,0.907739698
LLLNMLIVL,HLA-A*0201,Positive,0,0,0.901887723
LLLPALAGA,HLA-A*0201,Positive,0,0,0.901424501
LLLRSPAGV,HLA-A*0201,Positive,0,0,0.89061635
LLLSAEPVPA,HLA-A*0201,Positive,7,3,0.71943513
LLLVAHYAI,HLA-A*0201,Positive,42,1,0.218827104
LLLVSLWGL,HLA-A*0201,Positive,0,0,0.917996152
LLMDCSGSI,HLA-A*0201,Positive,9,4,0.719026992
LLMEGVPKSL,HLA-A*0201,Positive-Low,32,2,0.173506413
LLMGTLGIV,HLA-A*0201,Positive,8,3,0.683756331
LLMPAGVPL,HLA-A*0201,Positive,0,0,0.915312962
LLMPAGVPLT,HLA-A*0201,Positive,0,0,0.912183526
LLMPTISLI,HLA-A*0201,Positive,4,1,0.721709634
LLMWEAVTV,HLA-A*0201,Positive,10,2,0.579797547
LLNATDIAV,HLA-A*0201,Positive,0,0,0.926446029
LLNGWRWRL,HLA-A*0201,Positive,0,0,0.910506956
LLNNYDVLV,HLA-A*0201,Positive-Low,10,0,0.275249927
LLNYILKSV,HLA-A*0201,Positive,3,2,0.860547241
LLPAPLVSV,HLA-A*0201,Positive,6,2,0.693120347
LLPPELSET,HLA-A*0201,Positive,0,0,0.904532554
LLPPLLEHL,HLA-A*0201,Positive-Low,11,1,0.371146777
LLPRRGPRL,HLA-A*0201,Positive,5,2,0.745568161
LLQDSVDFSL,HLA-A*0201,Positive,6,1,0.644128405
LLQEEEEEL,HLA-A*0201,Positive-Low,8,4,0.648911444
LLQEYNWEL,HLA-A*0201,Positive,11,1,0.498198652
LLRAESLPGA,HLA-A*0201,Positive-Low,10,7,0.745383406
LLSAVLPSV,HLA-A*0201,Positive-High,0,0,0.939292078
LLSIISFPA,HLA-A*0201,Positive,0,0,0.909850694
LLSILCIWV,HLA-A*0201,Positive,0,0,0.887050929
LLSLFSLWL,HLA-A*0201,Positive,0,0,0.892904721
LLSSGAFSA,HLA-A*0201,Positive,25,11,0.594634309
LLSTAALPV,HLA-A*0201,Positive,0,0,0.905385811
LLSVLAAVGL,HLA-A*0201,Positive,4,1,0.711784
LLTEDYYLA,HLA-A*0201,Positive,0,0,0.914732264
LLTTLSNRV,HLA-A*0201,Positive,0,0,0.925895537
LLTTSGVSA,HLA-A*0201,Positive,8,3,0.673153646
LLVALAIGCV,HLA-A*0201,Positive,0,0,0.89323265
LLVCGQLLA,HLA-A*0201,Positive,0,0,0.916157812
LLVDLAEEL,HLA-A*0201,Positive-High,0,0,0.940427942
LLVDLLWLL,HLA-A*0201,Positive,10,3,0.616073318
LLVEDLLVL,HLA-A*0201,Positive,0,0,0.918695017
LLVEDMLLM,HLA-A*0201,Positive,0,0,0.92463813
LLVEDQLLV,HLA-A*0201,Positive,0,0,0.914711831
LLVEGALTG,HLA-A*0201,Positive,0,0,0.919682605
LLVEGAMTV,HLA-A*0201,Positive,0,0,0.920325538
LLVEGILLV,HLA-A*0201,Positive,0,0,0.915200457
LLVEGMLIS,HLA-A*0201,Positive,0,0,0.895551885
LLVEGSPTA,HLA-A*0201,Positive,0,0,0.910939637
LLVENIPLF,HLA-A*0201,Positive,0,0,0.932001408
LLVENWPLL,HLA-A*0201,Positive,0,0,0.903992996
LLVERASLM,HLA-A*0201,Positive,0,0,0.904829209
LLVERQLVL,HLA-A*0201,Positive,0,0,0.898173453
LLVISGLFPV,HLA-A*0201,Positive,7,3,0.701587838
LLVQRAPLL,HLA-A*0201,Positive,0,0,0.895845063
LLVSEIDWL,HLA-A*0201,Positive-Low,0,0,0.839518925
LLWAARPRL,HLA-A*0201,Positive,0,0,0.906819097
LLWFHISCL,HLA-A*0201,Positive,0,0,0.922026448
LLWGRQLFA,HLA-A*0201,Positive,7,6,0.893076168
LLWNGPIAV,HLA-A*0201,Positive,0,0,0.900904754
LLWNGPMAV,HLA-A*0201,Positive,13,4,0.603723502
LLWNGPMHV,HLA-A*0201,Positive,0,0,0.879643132
LLWNGPMQV,HLA-A*0201,Positive,0,0,0.910633028
LLWNTVWNM,HLA-A*0201,Positive,0,0,0.908303378
LLWSYAMGV,HLA-A*0201,Positive,6,6,0.937055791
LLWTLVVLL,HLA-A*0201,Positive,1,1,0.914305358
LLYANSAHAL,HLA-A*0201,Positive-Low,5,3,0.722126458
LLYDGSFAV,HLA-A*0201,Positive,10,1,0.535528922
LLYENGVLV,HLA-A*0201,Positive,0,0,0.903796448
LLYGFVNYI,HLA-A*0201,Positive,0,0,0.903502323
LLYGFVNYV,HLA-A*0201,Positive,0,0,0.884545852
LLYGYPVYV,HLA-A*0201,Positive,1,1,0.890982636
LLYLITNYL,HLA-A*0201,Positive-Low,10,0,0.340170897
LLYNCCYHV,HLA-A*0201,Positive,19,12,0.741473504
LLYSDDALHL,HLA-A*0201,Positive,4,0,0.656637051
LMASISSFL,HLA-A*0201,Positive,0,0,0.916567725
LMASSPTSI,HLA-A*0201,Positive,26,6,0.446956431
LMFDRGMSLL,HLA-A*0201,Positive,0,0,0.901628081
LMFWASSSI,HLA-A*0201,Positive,0,0,0.903730417
LMGDKSENV,HLA-A*0201,Positive,3,1,0.796096292
LMGLGKGWPL,HLA-A*0201,Positive,42,1,0.203720482
LMHAPAFET,HLA-A*0201,Positive,0,0,0.903582244
LMIERGLLA,HLA-A*0201,Positive,0,0,0.899272036
LMIGTAAAV,HLA-A*0201,Positive,0,0,0.891244529
LMIIPLINV,HLA-A*0201,Positive,9,3,0.643455393
LMLENLLTF,HLA-A*0201,Positive,0,0,0.912876789
LMLERALLF,HLA-A*0201,Positive,0,0,0.892271085
LMLERALLV,HLA-A*0201,Positive,0,0,0.90129622
LMLERGFII,HLA-A*0201,Positive,0,0,0.90584634
LMLGEFLKL,HLA-A*0201,Positive,5,4,0.882576046
LMLIWYRPV,HLA-A*0201,Positive,2,2,0.923427558
LMLWASSSI,HLA-A*0201,Positive,0,0,0.908233956
LMMPFSIVYI,HLA-A*0201,Positive,0,0,0.92499889
LMNGQQIFL,HLA-A*0201,Positive,9,2,0.617265837
LMNNAFEWI,HLA-A*0201,Positive,8,1,0.603094733
LMNNAFEWIV,HLA-A*0201,Positive,8,1,0.570971377
LMTNGPLEV,HLA-A*0201,Positive,0,0,0.905068352
LMVENVPFA,HLA-A*0201,Positive,0,0,0.902293324
LMVERGYTF,HLA-A*0201,Positive,0,0,0.896884292
LMVLHSPSL,HLA-A*0201,Positive,0,0,0.903802449
LMVPHSPSL,HLA-A*0201,Positive,0,0,0.913783739
LMWDNVGLV,HLA-A*0201,Positive,8,1,0.576358921
LMWYELSKI,HLA-A*0201,Positive,14,2,0.49056114
LMWYELSKIN,HLA-A*0201,Positive,0,0,0.906503561
LNIDLLWSV,HLA-A*0201,Positive,31,0,0.250794214
LPLKMLNIP,HLA-A*0201,Positive,5,2,0.727401757
LQDIEITCV,HLA-A*0201,Positive,15,3,0.507602499
LQIEEEYQV,HLA-A*0201,Positive,0,0,0.889265831
LQIERAPPA,HLA-A*0201,Positive,0,0,0.904465002
LQLCCLATA,HLA-A*0201,Positive,0,0,0.903106384
LQLEGQLLL,HLA-A*0201,Positive,0,0,0.929064713
LQLPQGTTL,HLA-A*0201,Positive,0,0,0.902699193
LQPPDPVGL,HLA-A*0201,Positive,0,0,0.933156132
LQTGIHVRV,HLA-A*0201,Positive,0,0,0.898687703
LQTTIHDII,HLA-A*0201,Positive,7,1,0.581916899
LQVEGAMSV,HLA-A*0201,Positive,0,0,0.901525996
LQVENFLAA,HLA-A*0201,Positive,0,0,0.911843888
LQVENYLPI,HLA-A*0201,Positive,0,0,0.894552455
LQVIRILLA,HLA-A*0201,Positive,0,0,0.902395319
LTDGNPPEV,HLA-A*0201,Positive,4,1,0.731822484
LTLEQILTV,HLA-A*0201,Positive,0,0,0.912009802
LTLLGTLWGA,HLA-A*0201,Positive,8,8,0.932771337
LTSAIGVLPV,HLA-A*0201,Positive,5,5,0.936597497
LTVEGIFRV,HLA-A*0201,Positive,0,0,0.908520982
LVALLACLTV,HLA-A*0201,Positive,12,5,0.640758154
LVALLVCLTV,HLA-A*0201,Positive,12,2,0.527501047
LVFPLVMGV,HLA-A*0201,Positive,0,0,0.912122593
LVGPTPVNI,HLA-A*0201,Positive,0,0,0.925588549
LVIGMPPPV,HLA-A*0201,Positive,0,0,0.907220753
LVISGLFPV,HLA-A*0201,Positive,42,1,0.20897869
LVLEDILLA,HLA-A*0201,Positive,0,0,0.907703636
LVLERFPLL,HLA-A*0201,Positive,0,0,0.883837382
LVLILYLCV,HLA-A*0201,Positive-Low,3,1,0.639783332
LVLPILITI,HLA-A*0201,Positive,0,0,0.923799935
LVLPLVMGV,HLA-A*0201,Positive,0,0,0.906170016
LVLYGGLLM,HLA-A*0201,Positive,0,0,0.89998481
LVMAQLLRI,HLA-A*0201,Positive,0,0,0.913939684
LVMPFSIVYI,HLA-A*0201,Positive,0,0,0.893023705
LVVADLSFI,HLA-A*0201,Positive,4,1,0.732716249
LVVEGSLFV,HLA-A*0201,Positive,0,0,0.917415429
LVVEQSLTF,HLA-A*0201,Positive,0,0,0.925501166
LVVTAIVYV,HLA-A*0201,Positive-Low,10,0,0.311389522
LYPSLIFDI,HLA-A*0201,Positive,0,0,0.921312321
MASASLVTV,HLA-A*0201,Positive,4,3,0.856782017
MCQWGRLWQL,HLA-A*0201,Positive,0,0,0.919884726
MGLPGVATV,HLA-A*0201,Positive,0,0,0.903794963
MGNGCLRIV,HLA-A*0201,Positive,0,0,0.910780213
MIIEGFLLI,HLA-A*0201,Positive,0,0,0.911817841
MIISHLSLI,HLA-A*0201,Positive,0,0,0.913026046
MIISHLYLI,HLA-A*0201,Positive,0,0,0.912559353
MIKPCCERV,HLA-A*0201,Positive,6,1,0.625355446
MILIEGIFFV,HLA-A*0201,Positive,21,15,0.789699612
MIMQGGFSV,HLA-A*0201,Positive,0,0,0.902077838
MINAYLDKL,HLA-A*0201,Positive,17,2,0.413700962
MINPLVITT,HLA-A*0201,Positive,0,0,0.90589314
MIVEGFLLL,HLA-A*0201,Positive,0,0,0.916389483
MIVENVPLL,HLA-A*0201,Positive,0,0,0.91308576
MLAAQMFIV,HLA-A*0201,Positive,10,3,0.611046256
MLDLQPETT,HLA-A*0201,Positive,7,4,0.771666312
MLGERLFPL,HLA-A*0201,Positive-Low,0,0,0.824431578
MLGGEVFYV,HLA-A*0201,Positive-Low,0,0,0.8444326
MLGHAGDMA,HLA-A*0201,Positive,3,2,0.871651107
MLIEGVLTV,HLA-A*0201,Positive,0,0,0.933334672
MLIERVMST,HLA-A*0201,Positive,0,0,0.891952166
MLIGEVFNI,HLA-A*0201,Positive,0,0,0.898921661
MLIGIPVYV,HLA-A*0201,Positive,0,0,0.91864819
MLLAVLYCL,HLA-A*0201,Positive,0,0,0.917660162
MLLDKNIPI,HLA-A*0201,Positive,0,0,0.923860473
MLLEGMMIV,HLA-A*0201,Positive,0,0,0.913652395
MLLENGLLA,HLA-A*0201,Positive,0,0,0.919653693
MLLKHDVSL,HLA-A*0201,Positive,0,0,0.922205862
MLLKQDVSL,HLA-A*0201,Positive,0,0,0.905363502
MLLSVPLLLG,HLA-A*0201,Positive,1,1,0.888612007
MLLWTAVAV,HLA-A*0201,Positive,6,2,0.702199514
MLMIIIVIAI,HLA-A*0201,Positive-High,4,4,0.946379301
MLMIVLLVFA,HLA-A*0201,Positive,0,0,0.896294774
MLMLAVIVA,HLA-A*0201,Positive,0,0,0.903682892
MLMPVHFLL,HLA-A*0201,Positive,10,10,0.952049724
MLNIPSINV,HLA-A*0201,Positive,0,0,0.909156315
MLPGEVFAI,HLA-A*0201,Positive,0,0,0.916085713
MLQTNSLAL,HLA-A*0201,Positive,6,2,0.723146695
MLRDRWSLV,HLA-A*0201,Positive-Low,10,0,0.307816646
MLSILALVRV,HLA-A*0201,Positive,0,0,0.931639241
MLTERQLLI,HLA-A*0201,Positive,0,0,0.912209771
MLTTLILTL,HLA-A*0201,Positive,4,1,0.74703754
MLVCGDDLV,HLA-A*0201,Positive,0,0,0.909634217
MLVEEGLLV,HLA-A*0201,Positive,0,0,0.911454091
MLVEGALLL,HLA-A*0201,Positive,0,0,0.899835903
MLVEGVLLA,HLA-A*0201,Positive,0,0,0.913831699
MLVENQLLV,HLA-A*0201,Positive,0,0,0.904321248
MLVERWLFF,HLA-A*0201,Positive,0,0,0.924893882
MLVERYLLA,HLA-A*0201,Positive,0,0,0.89019133
MLVEWALVA,HLA-A*0201,Positive,0,0,0.915209285
MLVGGSTLCV,HLA-A*0201,Positive,6,1,0.639582408
MLVQSCTSI,HLA-A*0201,Positive,6,6,0.943924175
MLWGYLQYV,HLA-A*0201,Positive,1,1,0.932466132
MLWYTVYNI,HLA-A*0201,Positive,2,2,0.920154918
MLYENWLLS,HLA-A*0201,Positive,0,0,0.895549274
MLYQHLLPL,HLA-A*0201,Positive-Intermediate,0,0,0.921958087
MMARDTAEA,HLA-A*0201,Positive,13,5,0.631284101
MMATIGIALL,HLA-A*0201,Positive,0,0,0.903311205
MMFGFHHSV,HLA-A*0201,Positive,19,16,0.852894381
MMIEEYPYV,HLA-A*0201,Positive,0,0,0.898418439
MMLRDRWSL,HLA-A*0201,Positive-Low,10,0,0.320449805
MMLVPLITV,HLA-A*0201,Positive,1,1,0.917781068
MMMNWSPTT,HLA-A*0201,Positive,0,0,0.912306222
MMPFSIVYI,HLA-A*0201,Positive,0,0,0.882359107
MMPFSIVYIV,HLA-A*0201,Positive,0,0,0.910714769
MMWDAGLGMM,HLA-A*0201,Positive-Low,0,0,0.832525058
MMWDRGAGMM,HLA-A*0201,Positive-Low,0,0,0.815520697
MMWDRGLGAM,HLA-A*0201,Positive-Low,0,0,0.839755057
MMWDRGLGM,HLA-A*0201,Positive,0,0,0.903828334
MMWDRGLGMM,HLA-A*0201,Positive,0,0,0.917631839
MMWDRGMGLL,HLA-A*0201,Positive,0,0,0.888465638
MMYKDILLL,HLA-A*0201,Positive,6,0,0.600832988
MPGEATETV,HLA-A*0201,Positive-Low,8,3,0.570111777
MPNNPNRNV,HLA-A*0201,Positive,2,1,0.82773761
MQLENGLLL,HLA-A*0201,Positive,0,0,0.923010278
MQLMPFGCLL,HLA-A*0201,Positive,6,5,0.888252872
MQLMPFGSLL,HLA-A*0201,Positive,4,1,0.719022963
MQVEWILTF,HLA-A*0201,Positive,0,0,0.91418693
MSLTVGAGV,HLA-A*0201,Positive,4,1,0.718914285
MTIIFLILM,HLA-A*0201,Positive,0,0,0.912938711
MTSAIGILPV,HLA-A*0201,Positive,0,0,0.907514667
MTSAIGVLPV,HLA-A*0201,Positive,5,5,0.936777179
MTYAAPLFV,HLA-A*0201,Positive,2,1,0.854880867
MVIERVLAL,HLA-A*0201,Positive,0,0,0.930735733
MVIERYLFL,HLA-A*0201,Positive,0,0,0.904511672
MVIGIPVYV,HLA-A*0201,Positive,0,0,0.912613162
MVLALITFL,HLA-A*0201,Positive,0,0,0.916336709
MVLNAMAWL,HLA-A*0201,Positive,6,3,0.739402598
MVMELIRMI,HLA-A*0201,Positive,0,0,0.930753802
MVWESGCTV,HLA-A*0201,Positive-Low,13,0,0.254903911
MVWGPDPLYV,HLA-A*0201,Positive,0,0,0.891583983
MWYELSKIN,HLA-A*0201,Positive,0,0,0.899888269
NAPPPPVIA,HLA-A*0201,Positive,4,3,0.87907365
NDFCCVATV,HLA-A*0201,Positive,0,0,0.936724005
NEGCGWAGW,HLA-A*0201,Positive,5,1,0.681694321
NGIALSLGG,HLA-A*0201,Positive-Low,12,0,0.263547353
NGIALSLGL,HLA-A*0201,Positive-Low,12,0,0.280467908
NGVRVLATA,HLA-A*0201,Positive,0,0,0.90073521
NILMWEAVTL,HLA-A*0201,Positive,0,0,0.921309852
NIQTAINQV,HLA-A*0201,Positive-Low,0,0,0.79351082
NIVCPLCTL,HLA-A*0201,Positive,0,0,0.865838631
NLAQDLATV,HLA-A*0201,Positive,13,2,0.492022627
NLAQTDLATV,HLA-A*0201,Positive-Intermediate,0,0,0.910582584
NLATYMNSI,HLA-A*0201,Positive-Low,0,0,0.859146145
NLFDIPLLTV,HLA-A*0201,Positive,1,1,0.907509608
NLFNRYLAL,HLA-A*0201,Positive,0,0,0.912728873
NLFNRYPAL,HLA-A*0201,Positive,0,0,0.924902363
NLFSQDISV,HLA-A*0201,Positive,0,0,0.905351815
NLIALSLGG,HLA-A*0201,Positive-Low,12,0,0.296007606
NLIALSLGL,HLA-A*0201,Positive,12,12,0.952692563
NLIKLAQKV,HLA-A*0201,Positive,0,0,0.916093807
NLLDSLEQYI,HLA-A*0201,Positive,10,2,0.570398389
NLLEREFGA,HLA-A*0201,Positive,8,5,0.802555713
NLLIRCLRC,HLA-A*0201,Positive,21,1,0.344217086
NLLMWEAVTV,HLA-A*0201,Positive,7,4,0.781140821
NLLTTPKFT,HLA-A*0201,Positive,0,0,0.91526967
NLLVTGFDT,HLA-A*0201,Positive,4,4,0.926951348
NLMDGDLGL,HLA-A*0201,Positive,0,0,0.930947349
NLMWYELSK,HLA-A*0201,Positive,0,0,0.901278847
NLMWYELSKI,HLA-A*0201,Positive,0,0,0.896091729
NLNCCSVPV,HLA-A*0201,Positive,0,0,0.878568582
NLNESLIDL,HLA-A*0201,Positive,0,0,0.893702814
NLNRCSVPV,HLA-A*0201,Positive-Low,0,0,0.828859728
NLPGCSFSI,HLA-A*0201,Positive,10,3,0.655860711
NLSALGIFST,HLA-A*0201,Positive,0,0,0.922303466
NLSNLGILPV,HLA-A*0201,Positive,0,0,0.893433472
NLSNLGILV,HLA-A*0201,Positive,0,0,0.908103402
NLVAMVATV,HLA-A*0201,Positive,0,0,0.911974942
NLVGMVATV,HLA-A*0201,Positive,0,0,0.897837231
NLVPIVATV,HLA-A*0201,Positive,0,0,0.919468134
NLVPMVASV,HLA-A*0201,Positive,0,0,0.91125706
NLVPMVATV,HLA-A*0201,Positive,1,0,0.852476108
NLVPMVATX,HLA-A*0201,Positive,0,0,0.905960282
NLVPQVATV,HLA-A*0201,Positive,0,0,0.905152211
NLVPTVATV,HLA-A*0201,Positive,0,0,0.91297814
NLVPVVATV,HLA-A*0201,Positive,0,0,0.90424816
NMGGLGIMPV,HLA-A*0201,Positive,0,0,0.917694536
NMLSTVLGV,HLA-A*0201,Positive,6,2,0.725277972
NMPNDPNRNV,HLA-A*0201,Positive,8,2,0.62244656
NVMPVLDQSV,HLA-A*0201,Positive,27,8,0.47392807
NXVPMVATV,HLA-A*0201,Positive,0,0,0.897798558
PESSQRPPL,HLA-A*0201,Positive-Intermediate,3,3,0.94539688
PLFGYPVYV,HLA-A*0201,Positive,1,1,0.901829616
PLFQVPEPV,HLA-A*0201,Positive,0,0,0.905806445
PLLIPTSKL,HLA-A*0201,Positive,8,2,0.590775178
PLPLTQPGE,HLA-A*0201,Positive-Low,3,1,0.711961454
PLSPATRRL,HLA-A*0201,Positive,0,0,0.893031975
PLTQHYQIL,HLA-A*0201,Positive,0,0,0.912563248
PNAPPPPVI,HLA-A*0201,Positive,4,1,0.745246711
PRVTGGGAM,HLA-A*0201,Positive,5,1,0.683516612
PTGRSICPS,HLA-A*0201,Positive,5,1,0.676720809
PTLDKVLEL,HLA-A*0201,Positive-Low,0,0,0.871893233
PTLDKVLEV,HLA-A*0201,Positive,0,0,0.89033942
PVVSTHEQI,HLA-A*0201,Positive-Intermediate,3,3,0.935816761
PYLFWLAAI,HLA-A*0201,Positive,0,0,0.913616705
QAMEDLVRA,HLA-A*0201,Positive,13,5,0.613525845
QARLTVSGLA,HLA-A*0201,Positive,0,0,0.909631302
QIFLEVQAI,HLA-A*0201,Positive,5,1,0.673066608
QIGGLVGGSV,HLA-A*0201,Positive,5,4,0.872198653
QILKGGSGT,HLA-A*0201,Positive,0,0,0.910145562
QIVENFLLV,HLA-A*0201,Positive,0,0,0.927973988
QLARQQVHV,HLA-A*0201,Positive,13,2,0.508729102
QLCDVMFYL,HLA-A*0201,Positive,0,0,0.917471444
QLDPARDVL,HLA-A*0201,Positive,4,1,0.761494358
QLFNHTMFI,HLA-A*0201,Positive-High,0,0,0.93762176
QLFPGLAAL,HLA-A*0201,Positive-Low,10,0,0.325908114
QLGAFLTNV,HLA-A*0201,Positive,10,1,0.534414388
QLGPTCLSSL,HLA-A*0201,Positive,5,1,0.701832967
QLIEGMLIA,HLA-A*0201,Positive,0,0,0.902862215
QLIMPGQEA,HLA-A*0201,Positive-Low,0,0,0.838268208
QLIPCMDVVL,HLA-A*0201,Positive,7,4,0.757876996
QLLDGFMITL,HLA-A*0201,Positive,46,1,0.191944062
QLLDQVEQI,HLA-A*0201,Positive,12,3,0.566940467
QLLKLNVPA,HLA-A*0201,Positive-Low,0,0,0.847718108
QLLNSVLTL,HLA-A*0201,Positive,1,1,0.92635416
QLLQHYREV,HLA-A*0201,Positive,23,6,0.482312723
QLLSSSKYT,HLA-A*0201,Positive-Low,10,2,0.448575812
QLLVSLWGL,HLA-A*0201,Positive,0,0,0.900563491
QLNKKIYQI,HLA-A*0201,Positive,0,0,0.932377133
QLPPAATQTL,HLA-A*0201,Positive,10,5,0.727159234
QLRRHIDLLV,HLA-A*0201,Positive,0,0,0.910935312
QLRSLGLNAV,HLA-A*0201,Positive,0,0,0.916947957
QLRTLGLNAV,HLA-A*0201,Positive,0,0,0.912875473
QLSGLGINAV,HLA-A*0201,Positive,7,7,0.944204288
QLSLLMWIT,HLA-A*0201,Positive,0,0,0.910173306
QLSSLGLNAV,HLA-A*0201,Positive,0,0,0.900638184
QLSTRGVQI,HLA-A*0201,Positive-Low,0,0,0.840663876
QLTSLGLNAV,HLA-A*0201,Positive,0,0,0.892961345
QLVDFLCGL,HLA-A*0201,Positive-Low,10,0,0.288621079
QLVQSGAEV,HLA-A*0201,Positive,0,0,0.916447963
QLYNKPLCDV,HLA-A*0201,Positive-High,0,0,0.938313966
QMAMIKLGAL,HLA-A*0201,Positive,0,0,0.892626542
QMDYSNGLFV,HLA-A*0201,Positive,8,2,0.641045276
QMIYSAARV,HLA-A*0201,Positive-Low,0,0,0.84052036
QMMRNEFRV,HLA-A*0201,Positive,19,5,0.512695035
QMWKCLIRL,HLA-A*0201,Positive,0,0,0.907905135
QMWQARLTV,HLA-A*0201,Positive,9,5,0.749996384
QQDEQQQQDE,HLA-A*0201,Positive-Intermediate,3,3,0.934200297
QQIFLEVQA,HLA-A*0201,Positive,5,1,0.691908358
QQYNKPLCDL,HLA-A*0201,Positive,0,0,0.912613577
QTSAIGILPV,HLA-A*0201,Positive,5,5,0.932514119
QTSAIGVLPV,HLA-A*0201,Positive,5,5,0.938972837
QVFPGLLERV,HLA-A*0201,Positive,0,0,0.899024713
QVILCPTSV,HLA-A*0201,Positive,22,1,0.330344471
QYDPVAALF,HLA-A*0201,Positive,0,0,0.914428238
RALAETSYV,HLA-A*0201,Positive,0,0,0.922104624
RDNLMWYEL,HLA-A*0201,Positive,0,0,0.898057372
RDVPMLITT,HLA-A*0201,Positive,0,0,0.915301143
REANLSHYV,HLA-A*0201,Positive,0,0,0.933342485
RFIAQLLLL,HLA-A*0201,Positive,6,6,0.945486595
RGPGRAFVTI,HLA-A*0201,Positive,0,0,0.905261704
RGTPMVITV,HLA-A*0201,Positive,0,0,0.889496065
RIIYIIRFL,HLA-A*0201,Positive,6,2,0.725633376
RILGVLVHL,HLA-A*0201,Positive,0,0,0.926845692
RINAILATA,HLA-A*0201,Positive,0,0,0.901054099
RLAAGSPSS,HLA-A*0201,Positive-Intermediate,3,2,0.864173344
RLAGFLAGL,HLA-A*0201,Positive,0,0,0.868705346
RLARLALVL,HLA-A*0201,Positive,0,0,0.925810307
RLDALVVAA,HLA-A*0201,Positive-Low,10,0,0.282163764
RLDQKLYAS,HLA-A*0201,Positive,4,1,0.736899179
RLERKWLDV,HLA-A*0201,Positive,6,4,0.814106946
RLFGEAPREL,HLA-A*0201,Positive-Low,0,0,0.832556359
RLGAVILFV,HLA-A*0201,Positive,0,0,0.92256472
RLGPVQNEI,HLA-A*0201,Positive,0,0,0.924362031
RLGPVQNEV,HLA-A*0201,Positive,0,0,0.92082415
RLGPYLEFL,HLA-A*0201,Positive,0,0,0.901704516
RLHDLVFPL,HLA-A*0201,Positive,0,0,0.895201411
RLHDLVLPL,HLA-A*0201,Positive,0,0,0.909909784
RLIGHISTL,HLA-A*0201,Positive,7,2,0.645300356
RLIKHYPGI,HLA-A*0201,Positive,0,0,0.908746145
RLIQNSITI,HLA-A*0201,Positive-Low,0,0,0.822658353
RLITVNPIV,HLA-A*0201,Positive,7,3,0.716373315
RLLDLAQEGL,HLA-A*0201,Positive,11,6,0.72839401
RLLGFADTV,HLA-A*0201,Positive,0,0,0.892719809
RLLIKKLPRV,HLA-A*0201,Positive-Low,0,0,0.857933509
RLLLLGLLLL,HLA-A*0201,Positive,7,3,0.755888803
RLLPLLALL,HLA-A*0201,Positive,49,17,0.452667864
RLLPSLLLLL,HLA-A*0201,Positive,9,2,0.589649639
RLLQTGIHV,HLA-A*0201,Positive,9,2,0.603312856
RLLSPTTIV,HLA-A*0201,Positive,8,2,0.646715848
RLMDSSIYS,HLA-A*0201,Positive,6,2,0.698647973
RLMKHYPGI,HLA-A*0201,Positive,0,0,0.924232522
RLMRTNFLI,HLA-A*0201,Positive,5,5,0.929316752
RLMVAVEEA,HLA-A*0201,Positive,0,0,0.916910364
RLNELLAYV,HLA-A*0201,Positive,0,0,0.889633642
RLNEVAKNL,HLA-A*0201,Positive,11,7,0.779174856
RLNTVLATA,HLA-A*0201,Positive,0,0,0.901510901
RLPLVLPAV,HLA-A*0201,Positive,2,1,0.83369398
RLPRYLACL,HLA-A*0201,Positive-Low,10,0,0.294397477
RLQGISPKI,HLA-A*0201,Positive,0,0,0.894913742
RLSDFSEQL,HLA-A*0201,Positive,0,0,0.891441168
RLSLTALSA,HLA-A*0201,Positive,4,2,0.812340589
RLTGYPAGI,HLA-A*0201,Positive-Low,10,0,0.319573084
RLVPYLEFL,HLA-A*0201,Positive,0,0,0.891860866
RLWEPLRVV,HLA-A*0201,Positive,0,0,0.901309709
RLWHYPCTI,HLA-A*0201,Positive-Low,0,0,0.801852853
RLYKTLGQL,HLA-A*0201,Positive,8,2,0.622470838
RLYQNPTTYI,HLA-A*0201,Positive,0,0,0.91912151
RMAAISNTV,HLA-A*0201,Positive,0,0,0.891397422
RMFPNAPYL,HLA-A*0201,Positive,13,13,0.961374172
RMLGDVMAV,HLA-A*0201,Positive,0,0,0.926371084
RMLMIVLLV,HLA-A*0201,Positive,0,0,0.905602553
RMLPHAPGV,HLA-A*0201,Positive,16,13,0.843066704
RMMEYGTTMV,HLA-A*0201,Positive,12,3,0.578133036
RMSKGVFKV,HLA-A*0201,Positive,6,4,0.826961358
RMTENIVEV,HLA-A*0201,Positive,0,0,0.911876954
RMWDFDIFL,HLA-A*0201,Positive-Low,0,0,0.819782801
RQFGPDFPTI,HLA-A*0201,Positive,0,0,0.90522173
RQFGPDWIVA,HLA-A*0201,Positive,0,0,0.907525905
RQWGPDPAAV,HLA-A*0201,Positive-High,0,0,0.927641502
RQYDPVAAL,HLA-A*0201,Positive,0,0,0.91225225
RSLFNTIATL,HLA-A*0201,Positive,3,2,0.851579134
RSLFNTIAVL,HLA-A*0201,Positive,3,2,0.845600147
RSLFNTVATL,HLA-A*0201,Positive,3,2,0.84855767
RSLFNTVAVL,HLA-A*0201,Positive,3,2,0.853343888
RSLYNTIATL,HLA-A*0201,Positive,3,2,0.84388089
RSLYNTIAVL,HLA-A*0201,Positive,3,1,0.788581632
RSLYNTVATL,HLA-A*0201,Positive,3,2,0.850622912
RSLYNTVAVL,HLA-A*0201,Positive,3,2,0.854868734
RTAWWVWCV,HLA-A*0201,Positive-Low,10,0,0.334115736
RTLDKVLEV,HLA-A*0201,Positive,0,0,0.904052307
RTLEDLLMGT,HLA-A*0201,Positive,0,0,0.908401097
RTLEDLLMGV,HLA-A*0201,Positive-High,0,0,0.937270911
RVIGMPPPV,HLA-A*0201,Positive,0,0,0.901091979
RVLEDGVNYA,HLA-A*0201,Positive,5,5,0.940682457
RVLTGWGLN,HLA-A*0201,Positive,24,2,0.354311085
RVNRLIIWV,HLA-A*0201,Positive-Low,0,0,0.813378057
RVPGVAPTL,HLA-A*0201,Positive,5,5,0.931161007
RVTGGVFLV,HLA-A*0201,Positive,4,2,0.820773313
SAPLPSNRV,HLA-A*0201,Positive,5,4,0.863674174
SASLVTVAV,HLA-A*0201,Positive,4,4,0.911984515
SDNEIHNPAV,HLA-A*0201,Positive,9,2,0.605929329
SFHSLHLLF,HLA-A*0201,Positive,0,0,0.914272912
SGDGLVATG,HLA-A*0201,Positive,0,0,0.897603152
SHLVEALYLV,HLA-A*0201,Positive,49,19,0.462271518
SIDCYLLAI,HLA-A*0201,Positive,0,0,0.88962034
SIDQLCKTF,HLA-A*0201,Positive,21,1,0.357612425
SIIGRLLEV,HLA-A*0201,Positive-Intermediate,0,0,0.894934967
SIIIPTLNV,HLA-A*0201,Positive,4,1,0.730341461
SILDAVQRV,HLA-A*0201,Positive,0,0,0.886646747
SILEDPPSI,HLA-A*0201,Positive,12,3,0.55684133
SISVLISAL,HLA-A*0201,Positive,36,12,0.482775814
SITEVECFL,HLA-A*0201,Positive,23,13,0.694359314
SIVAYTMSL,HLA-A*0201,Positive,0,0,0.905651706
SIVSPFIPLL,HLA-A*0201,Positive,3,1,0.808054954
SIYVYALPL,HLA-A*0201,Positive,9,1,0.556729538
SLAAGVKLL,HLA-A*0201,Positive-Low,11,3,0.453901033
SLAAYIPRL,HLA-A*0201,Positive,16,8,0.686584735
SLANIGILPV,HLA-A*0201,Positive,0,0,0.911078943
SLAPLSPRA,HLA-A*0201,Positive,0,0,0.914125884
SLAPLSPRV,HLA-A*0201,Positive,0,0,0.903327309
SLAQYNPKL,HLA-A*0201,Positive,6,3,0.744894588
SLAVVSTQL,HLA-A*0201,Positive-Low,0,0,0.83731926
SLCPIRGWAI,HLA-A*0201,Positive,6,1,0.597458955
SLDLAEQEL,HLA-A*0201,Positive,0,0,0.878600976
SLDLTTSPV,HLA-A*0201,Positive,0,0,0.911683055
SLDPTTSPV,HLA-A*0201,Positive,0,0,0.897426715
SLENFRAYV,HLA-A*0201,Positive,0,0,0.915166847
SLFGGMSWI,HLA-A*0201,Positive,7,1,0.620328327
SLFGQRIEV,HLA-A*0201,Positive-High,8,8,0.960554403
SLFKNVRLL,HLA-A*0201,Positive,6,1,0.64634063
SLFLGILSV,HLA-A*0201,Positive,6,6,0.931946329
SLFNAVATL,HLA-A*0201,Positive,2,1,0.862345702
SLFNAVAVL,HLA-A*0201,Positive,1,1,0.929439199
SLFNTIATL,HLA-A*0201,Positive-High,0,0,0.928721962
SLFNTIATLY,HLA-A*0201,Positive,3,2,0.856949025
SLFNTIAVL,HLA-A*0201,Positive-High,0,0,0.944007137
SLFNTIAVLY,HLA-A*0201,Positive,3,2,0.860411289
SLFNTVATL,HLA-A*0201,Positive,0,0,0.904284287
SLFNTVATLY,HLA-A*0201,Positive,3,2,0.856485868
SLFNTVATV,HLA-A*0201,Positive,3,1,0.793375506
SLFNTVAVL,HLA-A*0201,Positive-Intermediate,0,0,0.900203746
SLFNTVAVLY,HLA-A*0201,Positive,3,2,0.881695558
SLFNTVVTL,HLA-A*0201,Positive,3,1,0.834548403
SLFSLLPGV,HLA-A*0201,Positive,0,0,0.925461086
SLFWNEPAI,HLA-A*0201,Positive,2,2,0.935372916
SLGEQQYSV,HLA-A*0201,Positive,13,7,0.713116974
SLGGLLTMA,HLA-A*0201,Positive,8,1,0.575054673
SLGGLLTMV,HLA-A*0201,Positive,0,0,0.917835593
SLGLVILLVL,HLA-A*0201,Positive,14,2,0.489890884
SLHTGFLASL,HLA-A*0201,Positive,9,6,0.807707468
SLIDLLHKI,HLA-A*0201,Positive,10,1,0.538216879
SLILVSQYT,HLA-A*0201,Positive,9,1,0.523735598
SLISGMWLL,HLA-A*0201,Positive,17,4,0.466770133
SLKDVLVSV,HLA-A*0201,Positive,2,1,0.847466434
SLKKNSRSL,HLA-A*0201,Positive,17,2,0.415990902
SLLDSLLVM,HLA-A*0201,Positive-Low,10,0,0.32385094
SLLEQAIAL,HLA-A*0201,Positive,6,3,0.75667682
SLLFIPDIKL,HLA-A*0201,Positive,6,1,0.647742461
SLLFKTEDGV,HLA-A*0201,Positive,42,1,0.21283923
SLLGLALLAV,HLA-A*0201,Positive,0,0,0.899969764
SLLGQLSGQV,HLA-A*0201,Positive,5,1,0.664844941
SLLLLPVSV,HLA-A*0201,Positive,0,0,0.912657952
SLLLVVEGV,HLA-A*0201,Positive-Low,10,0,0.327580539
SLLMWITQA,HLA-A*0201,Positive-Low,0,0,0.807448304
SLLMWITQC,HLA-A*0201,Positive,2,2,0.937383393
SLLMWITQV,HLA-A*0201,Positive,19,0,0.344065462
SLLPAIVEL,HLA-A*0201,Positive,3,3,0.937648173
SLLQGSPHL,HLA-A*0201,Positive,0,0,0.898857718
SLLQGSPHV,HLA-A*0201,Positive,0,0,0.91684037
SLLRSLENV,HLA-A*0201,Positive-Low,0,0,0.828542305
SLLWLGAGV,HLA-A*0201,Positive-Low,10,0,0.320552057
SLLWMNLFV,HLA-A*0201,Positive,0,0,0.924705932
SLLWMNPFV,HLA-A*0201,Positive,0,0,0.900792288
SLMAFTAAV,HLA-A*0201,Positive,22,2,0.356716436
SLMASSPTSI,HLA-A*0201,Positive,28,12,0.569832617
SLMDLLSSL,HLA-A*0201,Positive,19,5,0.513382529
SLMNVHSNG,HLA-A*0201,Positive-High,2,2,0.945179783
SLMSGVEPL,HLA-A*0201,Positive,2,2,0.91334909
SLMSWSAIL,HLA-A*0201,Positive,3,3,0.926650884
SLNPWPPCL,HLA-A*0201,Positive,4,2,0.797924438
SLNQTVHSL,HLA-A*0201,Positive,1,1,0.910992657
SLNYSGVKEL,HLA-A*0201,Positive-Low,32,1,0.147885284
SLPEIAANHI,HLA-A*0201,Positive-Low,10,5,0.63009387
SLPITVYYA,HLA-A*0201,Positive-High,0,0,0.933233685
SLPKHSVTI,HLA-A*0201,Positive,11,4,0.648322118
SLPLNSVYV,HLA-A*0201,Positive,6,1,0.647155902
SLPRSRTPI,HLA-A*0201,Positive,5,3,0.823029745
SLQDIEITCV,HLA-A*0201,Positive-Low,21,3,0.2899186
SLQDVPLAAL,HLA-A*0201,Positive-High,0,0,0.93830054
SLQEEIAFL,HLA-A*0201,Positive,6,2,0.718021232
SLQEKVAKA,HLA-A*0201,Positive,13,1,0.465913461
SLQFSAFLL,HLA-A*0201,Positive,6,3,0.754371612
SLQKRGIVEQ,HLA-A*0201,Positive-Low,0,0,0.849130715
SLQNSEFLL,HLA-A*0201,Positive,5,2,0.731542203
SLQQEITLL,HLA-A*0201,Positive,5,5,0.93560875
SLRNWIATL,HLA-A*0201,Positive,10,1,0.540685638
SLSAYIIRV,HLA-A*0201,Positive,1,1,0.922133526
SLSHYFTLV,HLA-A*0201,Positive,17,5,0.565292913
SLSHYFTLVF,HLA-A*0201,Positive,43,7,0.322243809
SLSKILDTV,HLA-A*0201,Positive,0,0,0.903734968
SLSNLDFRL,HLA-A*0201,Positive,6,4,0.822323589
SLSPLQAEL,HLA-A*0201,Positive-Low,11,2,0.435096871
SLSRFSWGA,HLA-A*0201,Positive,0,0,0.902578756
SLSTYTVPI,HLA-A*0201,Positive-Low,10,0,0.281816281
SLTALSAGV,HLA-A*0201,Positive,4,4,0.918730541
SLTECPTFL,HLA-A*0201,Positive,0,0,0.897466298
SLVALGINAV,HLA-A*0201,Positive-Low,0,0,0.855192373
SLVEDVPVA,HLA-A*0201,Positive,0,0,0.925092207
SLVEELKKV,HLA-A*0201,Positive,0,0,0.922699881
SLVIVTTFV,HLA-A*0201,Positive,2,1,0.834788817
SLVNGVVRL,HLA-A*0201,Positive,7,3,0.71217436
SLWGGDVVL,HLA-A*0201,Positive,0,0,0.906870993
SLWKDGAPL,HLA-A*0201,Positive,10,4,0.668765046
SLYFGGICV,HLA-A*0201,Positive,3,2,0.845735254
SLYHVYEVNL,HLA-A*0201,Positive,11,1,0.508047742
SLYKGVYEL,HLA-A*0201,Positive,2,2,0.921383587
SLYLTVATL,HLA-A*0201,Positive-Intermediate,0,0,0.901458766
SLYMLFPEV,HLA-A*0201,Positive,0,0,0.911194058
SLYNLVKSSV,HLA-A*0201,Positive,6,1,0.65262364
SLYNSVATL,HLA-A*0201,Positive-High,0,0,0.939555731
SLYNTAATL,HLA-A*0201,Positive-Intermediate,0,0,0.894768555
SLYNTIAIL,HLA-A*0201,Positive,3,3,0.942601333
SLYNTIATL,HLA-A*0201,Positive-Intermediate,0,0,0.905004381
SLYNTIATLY,HLA-A*0201,Positive,3,2,0.852472143
SLYNTIAVL,HLA-A*0201,Positive-High,0,0,0.931264333
SLYNTIAVLY,HLA-A*0201,Positive,3,1,0.795086288
SLYNTISVL,HLA-A*0201,Positive,3,2,0.867126974
SLYNTITVL,HLA-A*0201,Positive,3,1,0.799397214
SLYNTVAAL,HLA-A*0201,Positive-Intermediate,0,0,0.910905205
SLYNTVAIF,HLA-A*0201,Positive,3,1,0.777030841
SLYNTVATLY,HLA-A*0201,Positive,3,2,0.842486522
SLYNTVAVL,HLA-A*0201,Positive-High,0,0,0.947070575
SLYNTVAVLY,HLA-A*0201,Positive,3,2,0.847077397
SLYNTVSTL,HLA-A*0201,Positive,3,1,0.780430954
SLYNTVVTL,HLA-A*0201,Positive,3,1,0.790183582
SLYQLENYC,HLA-A*0201,Positive,35,8,0.386834857
SLYQTVATL,HLA-A*0201,Positive-Intermediate,0,0,0.913055773
SMAGIGIVDV,HLA-A*0201,Positive,0,0,0.904040959
SMAGSSAMI,HLA-A*0201,Positive,31,31,0.975052062
SMHFYGWSL,HLA-A*0201,Positive,1,1,0.924241119
SMINGVVKL,HLA-A*0201,Positive,2,1,0.841651304
SMLENVMLT,HLA-A*0201,Positive,0,0,0.904738877
SMLGIGIVPV,HLA-A*0201,Positive,0,0,0.910246466
SMNATLVQA,HLA-A*0201,Positive,8,1,0.58581745
SMQKTIPLV,HLA-A*0201,Positive,90,42,0.518967505
SMSMILVGV,HLA-A*0201,Positive,90,25,0.352936162
SMVGNWAKV,HLA-A*0201,Positive,16,2,0.433169165
SMVGNWAKVL,HLA-A*0201,Positive,0,0,0.924506196
SQFGQEHRL,HLA-A*0201,Positive,6,1,0.65999833
SQIMYNYPA,HLA-A*0201,Positive,13,5,0.639045143
SQLAHLVYV,HLA-A*0201,Positive-High,10,10,0.95752038
SQQAQLAAA,HLA-A*0201,Positive,12,0,0.425918836
SRNSTHEMY,HLA-A*0201,Positive,6,4,0.80361273
SRYWAIRTR,HLA-A*0201,Positive,0,0,0.905821209
SSADVEFCL,HLA-A*0201,Positive-Low,0,0,0.844176667
SSMKVNVNGV,HLA-A*0201,Positive-Intermediate,4,4,0.937236661
SSVSTALAEL,HLA-A*0201,Positive,0,0,0.894552489
SSWEDVPYL,HLA-A*0201,Positive,1,1,0.899304166
STAPPVHNV,HLA-A*0201,Positive,46,1,0.194555811
STLPETTVV,HLA-A*0201,Positive,0,0,0.897118844
STPPPGTRV,HLA-A*0201,Positive,0,0,0.91305715
STTTDVRTL,HLA-A*0201,Positive-High,0,0,0.947520204
SVANALWIV,HLA-A*0201,Positive,6,5,0.873568046
SVASTITGV,HLA-A*0201,Positive,0,0,0.910431016
SVFNVVNSSI,HLA-A*0201,Positive,6,2,0.718982798
SVFRENLFL,HLA-A*0201,Positive,8,2,0.605608269
SVGGVFTSV,HLA-A*0201,Positive-High,8,8,0.958776629
SVGSVLLTV,HLA-A*0201,Positive,0,0,0.908507417
SVHSLHIWSL,HLA-A*0201,Positive-Low,32,2,0.19268755
SVIDCNTCV,HLA-A*0201,Positive,0,0,0.91223187
SVLENFTIFL,HLA-A*0201,Positive,0,0,0.926275414
SVLENFTILL,HLA-A*0201,Positive,0,0,0.913737927
SVLWLGALGL,HLA-A*0201,Positive,16,16,0.953149104
SVRDRLARL,HLA-A*0201,Positive,20,2,0.382901798
SVSSFLFVEA,HLA-A*0201,Positive,6,1,0.650126342
SVYALGFGV,HLA-A*0201,Positive-Low,10,0,0.308553537
SVYDFFVWL,HLA-A*0201,Positive,0,0,0.916064914
SVYNTVATL,HLA-A*0201,Positive,3,3,0.923323654
SVYPYDEFV,HLA-A*0201,Positive,0,0,0.912404244
SYNEHWNYL,HLA-A*0201,Positive,0,0,0.908655635
TAAAWYLWEV,HLA-A*0201,Positive,0,0,0.902058418
TAMDIFVTV,HLA-A*0201,Positive,0,0,0.902933826
TAMDLFVTV,HLA-A*0201,Positive,0,0,0.919329385
TARHTPVNSW,HLA-A*0201,Positive,1,1,0.923064026
TGSPITYSTY,HLA-A*0201,Positive,0,0,0.921019961
TIADFWQMV,HLA-A*0201,Positive,11,1,0.505625033
TIDQLCKTF,HLA-A*0201,Positive,21,3,0.419580028
TIHDIILECV,HLA-A*0201,Positive,1,1,0.919924116
TIPEALAAV,HLA-A*0201,Positive,4,4,0.936190118
TITEEIAVQ,HLA-A*0201,Positive,0,0,0.909662145
TKWTDIPYL,HLA-A*0201,Positive-Low,1,1,0.816699133
TLACFAVYT,HLA-A*0201,Positive,5,1,0.675972645
TLACFVLAAV,HLA-A*0201,Positive,3,3,0.922651302
TLAGKGISVV,HLA-A*0201,Positive,0,0,0.921934109
TLAPQVEPL,HLA-A*0201,Positive,7,3,0.743621329
TLARGFPFV,HLA-A*0201,Positive,7,1,0.566616326
TLATIAWMV,HLA-A*0201,Positive,9,2,0.574047641
TLDHLLVLL,HLA-A*0201,Positive,0,0,0.891682799
TLDTKPLSV,HLA-A*0201,Positive,6,6,0.953999239
TLDYKPLSV,HLA-A*0201,Positive,0,0,0.900237002
TLEDLLMGT,HLA-A*0201,Positive,8,2,0.621854419
TLEEFSAKL,HLA-A*0201,Positive,12,2,0.493535555
TLEGFASPL,HLA-A*0201,Positive,10,10,0.952571751
TLFIGSHVV,HLA-A*0201,Positive,6,3,0.7453991
TLFPGDDDL,HLA-A*0201,Positive,6,1,0.647412759
TLFTIVGTV,HLA-A*0201,Positive,0,0,0.916739107
TLFTMVGTV,HLA-A*0201,Positive,0,0,0.910286814
TLGIVCPIC,HLA-A*0201,Positive,6,3,0.780136891
TLGVKQMVV,HLA-A*0201,Positive,6,5,0.89174899
TLHEYMLDL,HLA-A*0201,Positive,7,1,0.587512461
TLHEYMLDV,HLA-A*0201,Positive,0,0,0.920739148
TLIGNFAAHL,HLA-A*0201,Positive,6,2,0.726162506
TLIVNLVEV,HLA-A*0201,Positive,0,0,0.929573394
TLKCLRYRFK,HLA-A*0201,Positive,22,4,0.411353753
TLKDIVLDL,HLA-A*0201,Positive-High,0,0,0.941125164
TLKKYFIPV,HLA-A*0201,Positive,0,0,0.910292877
TLLANVTAV,HLA-A*0201,Positive,4,3,0.869244896
TLLDALGML,HLA-A*0201,Positive,0,0,0.914645457
TLLDHIRTA,HLA-A*0201,Positive-Low,2,1,0.743758369
TLLEFVFKL,HLA-A*0201,Positive,4,3,0.848896282
TLLELVVSV,HLA-A*0201,Positive,0,0,0.903669135
TLLGASLPA,HLA-A*0201,Positive,7,5,0.824630369
TLLTIDGGI,HLA-A*0201,Positive,12,6,0.683257071
TLLVDLLWL,HLA-A*0201,Positive,9,1,0.547929196
TLLYATVEV,HLA-A*0201,Positive,8,1,0.588485556
TLLYVLFEV,HLA-A*0201,Positive-High,41,28,0.744643115
TLNAWVKVV,HLA-A*0201,Positive,17,2,0.418999617
TLNDLETDV,HLA-A*0201,Positive,14,5,0.589135945
TLQDVSLEV,HLA-A*0201,Positive,3,2,0.880694406
TLQPVERVL,HLA-A*0201,Positive,12,4,0.639994287
TLRGLFFSV,HLA-A*0201,Positive-High,10,7,0.85930271
TLRKPKHKKL,HLA-A*0201,Positive,17,1,0.383035971
TLSKPSPMPV,HLA-A*0201,Positive,10,3,0.615074283
TLTSYWRRV,HLA-A*0201,Positive,6,6,0.938272708
TLVAHGPSL,HLA-A*0201,Positive,0,0,0.905313361
TLWCSPIKV,HLA-A*0201,Positive,0,0,0.921449861
TLWVDPYEV,HLA-A*0201,Positive,3,3,0.93046991
TLYAVATTFV,HLA-A*0201,Positive,42,1,0.203348109
TLYAVATTI,HLA-A*0201,Positive,6,5,0.8648897
TLYTAVSST,HLA-A*0201,Positive,22,2,0.351725647
TMAAISNTV,HLA-A*0201,Positive,0,0,0.910999851
TMFPHIIVDV,HLA-A*0201,Positive,2,2,0.908343792
TMIKTAVAVV,HLA-A*0201,Positive,40,25,0.694780559
TMLELLTQL,HLA-A*0201,Positive,6,3,0.779395874
TMSFSHLFYL,HLA-A*0201,Positive,0,0,0.901210613
TMSSSHLFYL,HLA-A*0201,Positive,0,0,0.90222554
TMTDDIGMGV,HLA-A*0201,Positive,0,0,0.895920855
TPRVTGGGA,HLA-A*0201,Positive,5,1,0.695959594
TPRVTGGGAM,HLA-A*0201,Positive,10,10,0.956148548
TQKCEIFNV,HLA-A*0201,Positive,5,1,0.665234766
TQLMPFGCLL,HLA-A*0201,Positive-Low,0,0,0.804456355
TQLMPFGSLL,HLA-A*0201,Positive,0,0,0.89326232
TQVEDVLLA,HLA-A*0201,Positive,0,0,0.933993988
TTGDPPFPG,HLA-A*0201,Positive,4,2,0.785897776
TTLITNLSSV,HLA-A*0201,Positive,11,6,0.716223304
TTWEDVPYL,HLA-A*0201,Positive,0,0,0.925558536
TVCGGIMFL,HLA-A*0201,Positive,12,2,0.540919868
TVFDASRSTV,HLA-A*0201,Positive,14,2,0.493506225
VAALFFFDI,HLA-A*0201,Positive,0,0,0.881775844
VAANIVLTV,HLA-A*0201,Positive,12,10,0.855880923
VADAVIHAS,HLA-A*0201,Positive,5,1,0.684595839
VALKLQVFL,HLA-A*0201,Positive,10,8,0.837674473
VAPPPPAAA,HLA-A*0201,Positive,4,2,0.769127867
VCGERGFFYT,HLA-A*0201,Positive,49,7,0.280609876
VCWGELMNL,HLA-A*0201,Positive,0,0,0.912227791
VDGIGILTI,HLA-A*0201,Positive-Intermediate,0,0,0.917319854
VFFNILGGWV,HLA-A*0201,Positive,1,1,0.921938268
VIFDFLHCI,HLA-A*0201,Positive,5,4,0.877971268
VIGDQYVKV,HLA-A*0201,Positive,9,1,0.556899368
VIGQCIYTI,HLA-A*0201,Positive,0,0,0.902881201
VIIAALVLV,HLA-A*0201,Positive-Low,10,0,0.32767115
VIIKPLVWV,HLA-A*0201,Positive,10,9,0.899428783
VIMPCSWWV,HLA-A*0201,Positive,0,0,0.924560549
VIVMLTPLV,HLA-A*0201,Positive,19,8,0.589037322
VIYQYMDDL,HLA-A*0201,Positive,0,0,0.887931617
VKNPYPISF,HLA-A*0201,Positive-High,2,2,0.952862144
VLAAGVLVV,HLA-A*0201,Positive-Low,10,0,0.318402398
VLAALAAYCL,HLA-A*0201,Positive,4,1,0.75510348
VLADDVYPL,HLA-A*0201,Positive-Low,10,0,0.300724548
VLAGLLGNV,HLA-A*0201,Positive,2,2,0.914663494
VLAGSVDEL,HLA-A*0201,Positive,5,1,0.652808825
VLAGWLFHV,HLA-A*0201,Positive,81,70,0.87526613
VLAKDGTEV,HLA-A*0201,Positive,18,13,0.781387112
VLASPSVPL,HLA-A*0201,Positive,0,0,0.898691898
VLAVFIKAV,HLA-A*0201,Positive,3,1,0.763559123
VLDDGIYRI,HLA-A*0201,Positive,0,0,0.917371228
VLDDHYKTAL,HLA-A*0201,Positive,0,0,0.908180176
VLDEVMSTL,HLA-A*0201,Positive-Low,10,0,0.33941729
VLDGFIPGT,HLA-A*0201,Positive-Intermediate,0,0,0.881697575
VLDKVEETV,HLA-A*0201,Positive,15,1,0.421840324
VLDTSVAYV,HLA-A*0201,Positive,6,3,0.749686869
VLEDVQAAGI,HLA-A*0201,Positive,6,1,0.679137345
VLEETSVML,HLA-A*0201,Positive,24,5,0.410776175
VLENFTIFLV,HLA-A*0201,Positive,0,0,0.912398959
VLENFTILLV,HLA-A*0201,Positive,0,0,0.918003767
VLEWRFDSRL,HLA-A*0201,Positive,0,0,0.909610907
VLFAAFSSA,HLA-A*0201,Positive,0,0,0.915614076
VLFGLGFAI,HLA-A*0201,Positive,1,1,0.925721172
VLFGLMALTL,HLA-A*0201,Positive,0,0,0.919559894
VLFHRAFLV,HLA-A*0201,Positive,0,0,0.898745979
VLFSGPSPL,HLA-A*0201,Positive-Low,10,0,0.313280196
VLGGCRHKL,HLA-A*0201,Positive,19,7,0.555401557
VLGPISGHV,HLA-A*0201,Positive,0,0,0.933713452
VLHDDLLEA,HLA-A*0201,Positive,0,0,0.907038425
VLHKRTLGL,HLA-A*0201,Positive,50,34,0.721978803
VLIEGKCFV,HLA-A*0201,Positive,0,0,0.909357585
VLISPVSIL,HLA-A*0201,Positive,6,2,0.718866263
VLLCVCLLI,HLA-A*0201,Positive,0,0,0.902549523
VLLDHLSLA,HLA-A*0201,Positive,7,3,0.731716656
VLLGGVGLVL,HLA-A*0201,Positive,2,2,0.905510457
VLLGVKLFGV,HLA-A*0201,Positive,0,0,0.902127129
VLLGVKLSGV,HLA-A*0201,Positive,0,0,0.932484402
VLLKARLVPA,HLA-A*0201,Positive,6,3,0.729606759
VLLLWITAA,HLA-A*0201,Positive,0,0,0.933925182
VLLNAPSEA,HLA-A*0201,Positive,0,0,0.90948801
VLLNGWRWRL,HLA-A*0201,Positive,0,0,0.92159347
VLLPSLFLL,HLA-A*0201,Positive,4,3,0.852219085
VLLPSLFLLL,HLA-A*0201,Positive,21,18,0.876295205
VLLPVLFGV,HLA-A*0201,Positive,0,0,0.898342577
VLLQAGSLHA,HLA-A*0201,Positive,15,5,0.54564709
VLLRHSKNV,HLA-A*0201,Positive,10,2,0.580998918
VLLVFAICY,HLA-A*0201,Positive,0,0,0.903896532
VLLVSLGAI,HLA-A*0201,Positive,0,0,0.921697017
VLMGGVPGVE,HLA-A*0201,Positive,0,0,0.89309949
VLMIKALEL,HLA-A*0201,Positive-High,0,0,0.932411335
VLNDILSRL,HLA-A*0201,Positive,0,0,0.904707539
VLNETTNWL,HLA-A*0201,Positive,7,2,0.668618344
VLNGTVHPV,HLA-A*0201,Positive,7,1,0.585661654
VLNPFIYML,HLA-A*0201,Positive,0,0,0.908400977
VLNPFIYTL,HLA-A*0201,Positive,0,0,0.911870408
VLNYFEPYL,HLA-A*0201,Positive,0,0,0.912144504
VLNYFKPYL,HLA-A*0201,Positive,0,0,0.909830097
VLPAAPSSV,HLA-A*0201,Positive,6,6,0.932683008
VLPDVFIRC,HLA-A*0201,Positive,0,0,0.897411837
VLPFDIKKL,HLA-A*0201,Positive,6,1,0.639256168
VLQEATICV,HLA-A*0201,Positive-Low,0,0,0.844183842
VLQWASLAV,HLA-A*0201,Positive,2,2,0.917387505
VLRKEEEKL,HLA-A*0201,Positive-Low,8,3,0.556436068
VLSEWLPVT,HLA-A*0201,Positive-High,1,1,0.945958915
VLSRNILLEL,HLA-A*0201,Positive,10,1,0.539129916
VLTDGNPPEV,HLA-A*0201,Positive,1,1,0.890966134
VLTESSVSTA,HLA-A*0201,Positive,0,0,0.896619742
VLTSESMHV,HLA-A*0201,Positive,4,2,0.791340048
VLWSLLWLG,HLA-A*0201,Positive-Low,10,0,0.300024586
VMACLVPAA,HLA-A*0201,Positive,8,3,0.67054694
VMASLVWPV,HLA-A*0201,Positive,0,0,0.914663977
VMATLLPPV,HLA-A*0201,Positive,23,6,0.48442608
VMIIVSSLAV,HLA-A*0201,Positive,32,6,0.362637293
VMLAAQMFIV,HLA-A*0201,Positive,8,1,0.564495149
VMLEGEQEA,HLA-A*0201,Positive,0,0,0.911648825
VMLEGEQEE,HLA-A*0201,Positive,0,0,0.907766535
VMLFILAGL,HLA-A*0201,Positive,13,4,0.581398893
VMMSCSSEA,HLA-A*0201,Positive,8,2,0.631112138
VMNILLQYV,HLA-A*0201,Positive,4,4,0.939915677
VMNILLQYVV,HLA-A*0201,Positive,0,0,0.91507763
VMNILLQYW,HLA-A*0201,Positive,14,14,0.964368117
VMNQVIHGV,HLA-A*0201,Positive,0,0,0.929783595
VMPFSIVYI,HLA-A*0201,Positive,0,0,0.903885697
VMPFSIVYIV,HLA-A*0201,Positive,0,0,0.894740786
VMQGCLEST,HLA-A*0201,Positive-High,15,8,0.731982928
VPILLKALY,HLA-A*0201,Positive,3,3,0.932840582
VQLEEEYEV,HLA-A*0201,Positive,0,0,0.907805689
VQYLGMFPV,HLA-A*0201,Positive,0,0,0.919255181
VQYLGMLPV,HLA-A*0201,Positive,0,0,0.898481875
VTGSVVCTT,HLA-A*0201,Positive,4,1,0.736170567
VTLGYTSGT,HLA-A*0201,Positive,4,4,0.953190062
VTLLCLIPTV,HLA-A*0201,Positive,0,0,0.905230358
VTLPTGQCL,HLA-A*0201,Positive,8,1,0.591482279
VVAGMLRWV,HLA-A*0201,Positive,6,2,0.685544119
VVFDITKWLL,HLA-A*0201,Positive,10,2,0.562337637
VVFEDVKGT,HLA-A*0201,Positive,5,1,0.666313552
VVFVVFMGV,HLA-A*0201,Positive,0,0,0.916078337
VVLDSLDPMV,HLA-A*0201,Positive,9,5,0.735685948
VVLFGLMAL,HLA-A*0201,Positive,0,0,0.872678338
VVLSWAPPV,HLA-A*0201,Positive,0,0,0.901295183
VVMACLVPAA,HLA-A*0201,Positive,8,2,0.653386651
VVMSWAPPV,HLA-A*0201,Positive,0,0,0.899686842
VVPEDYWGV,HLA-A*0201,Positive,4,1,0.722657098
VVSVLTHSV,HLA-A*0201,Positive,6,4,0.822752666
VVTAIVYVV,HLA-A*0201,Positive-Low,10,0,0.306099443
VVTGVLVYL,HLA-A*0201,Positive,36,8,0.371415784
WIIKNSWTA,HLA-A*0201,Positive,8,1,0.575650523
WILGFVFTL,HLA-A*0201,Positive,5,5,0.948182702
WIPPVVSVL,HLA-A*0201,Positive,6,1,0.61846068
WLDEVKQAL,HLA-A*0201,Positive,4,1,0.728688117
WLGNHGFEV,HLA-A*0201,Positive,8,1,0.57813192
WLGNIIMFA,HLA-A*0201,Positive,0,0,0.920440366
WLGNIIMYA,HLA-A*0201,Positive,0,0,0.918249679
WLGNIIQYA,HLA-A*0201,Positive,9,3,0.622165395
WLGTANNPV,HLA-A*0201,Positive,4,4,0.943061479
WLLQITVLL,HLA-A*0201,Positive-Low,10,0,0.329057084
WLSCSIALL,HLA-A*0201,Positive,6,1,0.629861206
WLSDCGEAL,HLA-A*0201,Positive,8,3,0.670949765
WLSLLVPFV,HLA-A*0201,Positive,2,2,0.899145521
WLWEPLRVV,HLA-A*0201,Positive,0,0,0.923223109
WLYPGAQNL,HLA-A*0201,Positive,10,7,0.811182826
WMNRLIAFA,HLA-A*0201,Positive,0,0,0.893470236
WQWEHIPPA,HLA-A*0201,Positive,13,2,0.534408714
WRLGAIPPLV,HLA-A*0201,Positive-High,3,2,0.884432691
WVFPESISPV,HLA-A*0201,Positive,1,1,0.924002146
WVLALFDEV,HLA-A*0201,Positive-Low,0,0,0.857284975
WYELSKINP,HLA-A*0201,Positive,0,0,0.91825704
YELSKINPT,HLA-A*0201,Positive,0,0,0.900514293
YFHALVYFV,HLA-A*0201,Positive-Low,10,0,0.322119233
YGILGFVFTL,HLA-A*0201,Positive,0,0,0.912101893
YIAEVLVSV,HLA-A*0201,Positive-Low,0,0,0.849035726
YICEEASVTV,HLA-A*0201,Positive,3,3,0.923232386
YIDISDVKV,HLA-A*0201,Positive,6,1,0.642834254
YIFAVLLVCV,HLA-A*0201,Positive,0,0,0.919446992
YIFLGNLAL,HLA-A*0201,Positive,0,0,0.916498812
YIGAVLVSV,HLA-A*0201,Positive-Low,0,0,0.880040393
YIGEALVSV,HLA-A*0201,Positive-Low,0,0,0.845824191
YIGEVLASV,HLA-A*0201,Positive-Low,0,0,0.83592853
YIGEVLVAV,HLA-A*0201,Positive-High,0,0,0.947405565
YIGEVLVSA,HLA-A*0201,Positive-High,0,0,0.941513089
YIGEVLVSM,HLA-A*0201,Positive-Low,0,0,0.834531165
YIGEVLVSV,HLA-A*0201,Positive,0,0,0.900514638
YIGSGDSPV,HLA-A*0201,Positive,0,0,0.903971646
YIIFVYIPL,HLA-A*0201,Positive-High,0,0,0.916168201
YIIIGDSPV,HLA-A*0201,Positive,0,0,0.891658885
YIILGDSPV,HLA-A*0201,Positive,0,0,0.927103392
YIISGDLPV,HLA-A*0201,Positive,0,0,0.917399651
YIISGDSPL,HLA-A*0201,Positive,0,0,0.91720836
YIISGDSWV,HLA-A*0201,Positive,0,0,0.920145065
YIISGISPV,HLA-A*0201,Positive,0,0,0.910771103
YILDLQPETT,HLA-A*0201,Positive,1,1,0.915409109
YILEETSVLL,HLA-A*0201,Positive,0,0,0.902203694
YILEETSVLM,HLA-A*0201,Positive,0,0,0.919287224
YILEETSVM,HLA-A*0201,Positive,0,0,0.903404903
YILEETSVML,HLA-A*0201,Positive,0,0,0.899319021
YILEETSVMM,HLA-A*0201,Positive,0,0,0.912327901
YILGADPLRV,HLA-A*0201,Positive,2,2,0.919352451
YILKYSVFL,HLA-A*0201,Positive-Low,0,0,0.856162224
YINTALLNA,HLA-A*0201,Positive,0,0,0.918437113
YIVRWEWVV,HLA-A*0201,Positive,8,4,0.736574285
YIYGIPLSL,HLA-A*0201,Positive,2,2,0.92066503
YLAAYALVGL,HLA-A*0201,Positive,2,2,0.921612629
YLACLAAVI,HLA-A*0201,Positive-Low,10,0,0.313884537
YLALLEACL,HLA-A*0201,Positive-Low,10,0,0.328194943
YLANGGFLI,HLA-A*0201,Positive,0,0,0.901468755
YLAPQWEPV,HLA-A*0201,Positive,7,2,0.679074189
YLAYRNQSL,HLA-A*0201,Positive,0,0,0.903714369
YLCNQDVAFL,HLA-A*0201,Positive,6,2,0.699870705
YLCPVLVFV,HLA-A*0201,Positive-Low,10,0,0.297101055
YLCRHCLNLL,HLA-A*0201,Positive,1,1,0.907960566
YLCSGSSYF,HLA-A*0201,Positive,0,0,0.918442812
YLCSGSSYFV,HLA-A*0201,Positive,0,0,0.905430642
YLDELIKNT,HLA-A*0201,Positive,0,0,0.916196144
YLDELIRNT,HLA-A*0201,Positive,0,0,0.921398103
YLDGQLARL,HLA-A*0201,Positive,6,1,0.637989886
YLDKVRATV,HLA-A*0201,Positive,14,1,0.435018715
YLDLFGDPSV,HLA-A*0201,Positive,0,0,0.905431773
YLDLLFQIL,HLA-A*0201,Positive-Low,0,0,0.837817318
YLDLLFQILL,HLA-A*0201,Positive-Low,0,0,0.804582518
YLDPAQQNL,HLA-A*0201,Positive,0,0,0.922390595
YLEAGPVTA,HLA-A*0201,Positive-Low,0,0,0.817971948
YLEPGAVTA,HLA-A*0201,Positive-Low,0,0,0.828643611
YLEPGPATA,HLA-A*0201,Positive-Low,0,0,0.855677923
YLEPGPVAA,HLA-A*0201,Positive-Low,0,0,0.82992703
YLEPGPVTA,HLA-A*0201,Positive-High,6,2,0.798919703
YLEPGPVTL,HLA-A*0201,Positive,0,0,0.907356959
YLEPGPVTV,HLA-A*0201,Positive,0,0,0.888896581
YLESFCEDV,HLA-A*0201,Positive,9,1,0.566637058
YLFNWAVRT,HLA-A*0201,Positive,0,0,0.934306587
YLFTLLVPL,HLA-A*0201,Positive,1,1,0.908309299
YLGEVIVSV,HLA-A*0201,Positive,0,0,0.922251789
YLGEVLVSV,HLA-A*0201,Positive,0,0,0.909958299
YLGGPDFPTI,HLA-A*0201,Positive,0,0,0.890076177
YLIIGILTL,HLA-A*0201,Positive,13,4,0.594813279
YLIKLIEPV,HLA-A*0201,Positive,1,1,0.912616978
YLISGDSPV,HLA-A*0201,Positive,0,0,0.904782695
YLKKIKNSL,HLA-A*0201,Positive,15,9,0.724367497
YLKKIQNSL,HLA-A*0201,Positive,15,5,0.572063757
YLLADTFTV,HLA-A*0201,Positive,10,4,0.637674228
YLLAIFSGL,HLA-A*0201,Positive,0,0,0.920187157
YLLDGLRAQ,HLA-A*0201,Positive,16,16,0.96262788
YLLEMLWRL,HLA-A*0201,Positive,0,0,0.914129627
YLLFMIGYA,HLA-A*0201,Positive,0,0,0.9190504
YLLFMIGYT,HLA-A*0201,Positive,0,0,0.890683131
YLLKPVQRI,HLA-A*0201,Positive,0,0,0.926689242
YLLPAIVHI,HLA-A*0201,Positive,3,2,0.854046593
YLLPEAEEI,HLA-A*0201,Positive-Low,0,0,0.862978909
YLLPRRGPRL,HLA-A*0201,Positive,0,0,0.926328386
YLLPSRGPKL,HLA-A*0201,Positive,1,1,0.90215211
YLNAVVGTAL,HLA-A*0201,Positive,12,12,0.949861574
YLNDHLEPWI,HLA-A*0201,Positive,4,3,0.870835387
YLNELVVFV,HLA-A*0201,Positive,0,0,0.918770031
YLNKEIEEA,HLA-A*0201,Positive,12,3,0.559558228
YLNPGNYSM,HLA-A*0201,Positive,6,2,0.698885423
YLPAIVREA,HLA-A*0201,Positive,7,5,0.825517248
YLQDSLATT,HLA-A*0201,Positive,0,0,0.904871019
YLQDSMATT,HLA-A*0201,Positive,0,0,0.908468582
YLQGQRLDNV,HLA-A*0201,Positive,10,4,0.679628159
YLQKETSTL,HLA-A*0201,Positive,6,2,0.714729355
YLQQNTHTL,HLA-A*0201,Positive,25,8,0.483099487
YLQQNWWTL,HLA-A*0201,Positive,9,5,0.745072633
YLRNFLAAP,HLA-A*0201,Positive,4,1,0.713677195
YLRTFPAAL,HLA-A*0201,Positive,6,4,0.814621264
YLSGANLNL,HLA-A*0201,Positive,4,4,0.943341392
YLSNIIPAL,HLA-A*0201,Positive,0,0,0.895206511
YLTAPTGCI,HLA-A*0201,Positive,22,1,0.32440108
YLVALGINAV,HLA-A*0201,Positive,0,0,0.893985679
YLVALGVNAV,HLA-A*0201,Positive,0,0,0.91434413
YLVAYQATV,HLA-A*0201,Positive,11,4,0.662095252
YLVGNVCIL,HLA-A*0201,Positive,46,4,0.2256863
YLVSIFLHL,HLA-A*0201,Positive,2,2,0.909954147
YLWPPVQLA,HLA-A*0201,Positive,0,0,0.915455355
YLYDRLLRI,HLA-A*0201,Positive,0,0,0.921223617
YLYDRLLRV,HLA-A*0201,Positive,0,0,0.921763624
YLYTEYFLFL,HLA-A*0201,Positive,2,1,0.822554082
YMCTHRLLL,HLA-A*0201,Positive,10,9,0.907026478
YMCYRNIEF,HLA-A*0201,Positive,2,2,0.932922629
YMDGTMSQV,HLA-A*0201,Positive,0,0,0.909973037
YMFLASPSV,HLA-A*0201,Positive,0,0,0.910505639
YMIPSIRNSI,HLA-A*0201,Positive,0,0,0.918002888
YMLDLQPET,HLA-A*0201,Positive,8,2,0.624601372
YMLDLQPETT,HLA-A*0201,Positive,1,1,0.920983274
YMLDLQPEV,HLA-A*0201,Positive,0,0,0.920214925
YMLTLHTKL,HLA-A*0201,Positive,0,0,0.914601583
YMNGTMSQV,HLA-A*0201,Positive,46,3,0.241531343
YMNSIRLYA,HLA-A*0201,Positive,0,0,0.90005523
YMPTTIIAA,HLA-A*0201,Positive,0,0,0.91671812
YMPYPGTRI,HLA-A*0201,Positive,4,2,0.789853751
YMSTTIIAA,HLA-A*0201,Positive,0,0,0.913072138
YMVLASPSV,HLA-A*0201,Positive,0,0,0.919410845
YMYGSPGEL,HLA-A*0201,Positive,0,0,0.904541566
YQFGPDFPIA,HLA-A*0201,Positive,0,0,0.90756743
YQLAVTIMA,HLA-A*0201,Positive,0,0,0.907802596
YQWQWVPAV,HLA-A*0201,Positive,0,0,0.908269888
YSLEYFQFV,HLA-A*0201,Positive,0,0,0.920745661
YTAFTIPSV,HLA-A*0201,Positive,0,0,0.919310441
YTMDGEYRL,HLA-A*0201,Positive-Low,8,2,0.490934391
YTSEILSPI,HLA-A*0201,Positive,0,0,0.907225256
YVFTLLVPL,HLA-A*0201,Positive,14,11,0.845057841
YVFTLLVSL,HLA-A*0201,Positive,1,1,0.937332217
YVGDLCGCV,HLA-A*0201,Positive,10,1,0.505112421
YVGDLCGSV,HLA-A*0201,Positive,0,0,0.905037579
YVLDHLIVV,HLA-A*0201,Positive,0,0,0.911447502
YVLDLQPEAT,HLA-A*0201,Positive,1,1,0.925364889
YVLEETSVLL,HLA-A*0201,Positive,0,0,0.905651364
YVLEETSVM,HLA-A*0201,Positive,18,1,0.376005711
YVLEETSVML,HLA-A*0201,Positive,0,0,0.908733905
YVLHFACLV,HLA-A*0201,Positive-Low,10,0,0.326534432
YVLTWIVGA,HLA-A*0201,Positive,0,0,0.904642551
YVNAILYQI,HLA-A*0201,Positive,1,1,0.918258663
YVNELVVFV,HLA-A*0201,Positive,0,0,0.921409671
YVSDTVTFV,HLA-A*0201,Positive,1,1,0.89004621
YVTAMDIFV,HLA-A*0201,Positive,0,0,0.904288002
YVTAMDLFV,HLA-A*0201,Positive,0,0,0.89238863
YVVIAILTV,HLA-A*0201,Positive,42,1,0.213042608
YVVIAILTVV,HLA-A*0201,Positive,42,1,0.216878425
YVVTWIVGA,HLA-A*0201,Positive,0,0,0.911342406