peptide,HLA,immunogenicity,patient,result
FTSMSAVEF,HLA-C*0501,0,16,0.94126064
TADWHLYLF,HLA-C*0501,0,16,0.93597984
FSDQAEVSVL,HLA-C*0501,0,16,0.9358344
KTDTGVHATL,HLA-C*0501,1,16,0.9157171
LLPPPPLAK,HLA-A*0301,0,3,0.9032037
RRQSMTVKRE,HLA-B*2705,0,16,0.90003693
RRSMLFARH,HLA-B*2705,1,16,0.89332914
LRMNQSQFI,HLA-C*0602,0,12,0.8915551
VSDSHVYKY,HLA-C*0501,0,16,0.8915131
VRINTARPV,HLA-C*0602,1,12,0.89148545
KRRPSGFFLF,HLA-B*2705,0,16,0.8894127
LSLAGSDCFW,HLA-B*5701,0,2,0.8893716
KRACCIPGR,HLA-B*2705,0,16,0.88874614
RRQSMTVKR,HLA-B*2705,0,16,0.8874178
ALLPPPPLAK,HLA-A*0301,0,3,0.88171905
EIIPQCIAR,HLA-A*6801,1,1,0.87941515
LRMNQSQFIQ,HLA-C*0602,0,12,0.874544
VQDPNDRLL,HLA-C*0501,0,16,0.872251
KEAADPLAFK,HLA-A*0301,0,3,0.8572062
RTDKVRALW,HLA-B*5701,0,2,0.85578436
KTLGIKLSF,HLA-B*5701,0,2,0.85520506
RLFPYALHK,HLA-A*0301,1,3,0.8549769
HRIELDPSKF,HLA-B*2705,0,16,0.8542142
GMLNTSVPNY,HLA-A*0301,0,12,0.8530715
CVIDAAVLLK,HLA-A*0301,0,12,0.8490819
RRSMLFARHL,HLA-B*2705,0,16,0.84510267
YRHVHLRSF,HLA-B*2705,0,16,0.8408736
KLLEGQPVLL,HLA-A*0201,0,2,0.840425
CRLFPYALHK,HLA-A*0301,0,3,0.840114
HRDRLIGLMM,HLA-B*2705,0,16,0.8385742
LRTADWHLYL,HLA-B*2705,0,16,0.8353388
FVFSKYCHR,HLA-A*6801,0,1,0.835291
GSARALSLW,HLA-B*5701,0,2,0.82873607
LSRMGQTVI,HLA-C*0501,0,16,0.8284898
KSFKEIKLW,HLA-B*5701,1,2,0.8274177
SRMGQTVIAV,HLA-B*2705,0,16,0.8262655
IVRNATFTW,HLA-B*5701,0,2,0.82224
TLWEQFLEK,HLA-A*0301,0,3,0.81913495
EIRSRNNAL,HLA-B*0801,0,3,0.81874883
KRACCIPGRR,HLA-B*2705,0,16,0.8163728
KLRDEISLAK,HLA-A*0301,1,3,0.81529474
RLFPYALHKW,HLA-A*0301,0,3,0.81509614
LLFGVSALGK,HLA-A*0301,0,3,0.8133707
AIRVRTFRA,HLA-B*0801,0,10,0.81041867
RRHIEIRDK,HLA-B*2705,0,16,0.8100944
FSAVNSLIQR,HLA-A*6801,0,1,0.80887103
CTFCPPPLPK,HLA-A*6801,0,1,0.8085387
VRRKSRRRM,HLA-C*0602,0,12,0.8075373
NRYAVQDFLH,HLA-B*2705,0,16,0.8011433
GLLAAGLGR,HLA-A*0301,0,12,0.79906464
ADVLSPVLVK,HLA-A*0301,0,12,0.7971459
LRTADWHLY,HLA-B*2705,0,16,0.7940557
ALKCRVALSL,HLA-B*0801,0,3,0.7933731
RIALWPLAY,HLA-A*0301,0,12,0.7877896
FVFSKYCHRA,HLA-A*6801,0,1,0.7862675
SQNQHENDI,HLA-B*2705,0,16,0.7784759
SVFTSVRRK,HLA-A*0301,0,12,0.7782924
KLHVASLSFR,HLA-A*0301,0,3,0.77729833
SAFLQLTAK,HLA-A*6801,0,1,0.7746605
RMFLRFQKK,HLA-A*0301,0,3,0.77363575
KIVEMSTSK,HLA-A*0301,1,3,0.7726414
RRPSGFFLF,HLA-B*2705,0,16,0.7715285
NLFKRLMIV,HLA-B*0801,0,3,0.7712238
ILFRTPSVAK,HLA-A*0301,1,3,0.7683932
ATFEEWFPQR,HLA-A*6801,0,1,0.76690936
NRYAVQDFL,HLA-B*2705,0,16,0.7668942
RLFSALNSHK,HLA-A*0301,0,3,0.7661996
KRCPGRFVY,HLA-B*2705,0,16,0.7642466
AVRVLFPGIK,HLA-A*0301,0,3,0.76379144
MLRELSSAF,HLA-B*0801,0,3,0.7637067
KLADFGLACA,HLA-A*0201,0,2,0.76173514
TLFRVVVAK,HLA-A*0301,0,12,0.7567782
YLWAAQAEK,HLA-A*0301,0,3,0.751065
MLPSNYVEA,HLA-A*0201,0,16,0.7510569
LLAPLIATL,HLA-A*0201,0,1,0.7507775
WLVDFFSPWC,HLA-A*0201,0,16,0.74984354
GIKAHPVLK,HLA-A*0301,0,3,0.7485237
QFSAKAGPAR,HLA-A*6801,0,1,0.7475755
KMFCAGYPK,HLA-A*0301,0,3,0.74663085
MLNTSVPNY,HLA-A*0301,0,12,0.74588865
MLNTSVPNY,HLA-A*0301,0,12,0.74588865
SLHPSAPFL,HLA-A*0201,0,16,0.7457897
ALDKNLHQL,HLA-A*0201,0,2,0.74376357
SLSNFPQLK,HLA-A*0301,0,3,0.74316025
ALYFNSQWK,HLA-A*0301,1,12,0.74274886
QLKEHWNHL,HLA-B*0801,0,3,0.74119025
FRLLRYQPL,HLA-B*0801,0,3,0.7408104
WGKLHVASL,HLA-B*0801,0,3,0.7393913
GVYTKEFLY,HLA-A*0301,0,3,0.73879576
GLSFHLQSSK,HLA-A*0301,0,3,0.7382835
RLKQEKAFSL,HLA-B*0801,0,3,0.73749435
FIYLFVTETK,HLA-A*0301,0,12,0.73743933
DLLLRTAQL,HLA-B*0801,0,3,0.7351155
NSVRKRMSV,HLA-B*0801,0,10,0.7344657
FAASAVGSR,HLA-A*6801,0,1,0.73312247
SVEAFVCHRK,HLA-A*0301,0,12,0.7310787
KAWENFPNV,HLA-A*0201,1,1,0.7288459
ALSDGPIDAV,HLA-A*0201,0,1,0.7256417
GLYGNLIVL,HLA-A*0201,1,2,0.72469944
YLLLRNLSI,HLA-B*0801,0,10,0.7233367
MLPSNYVEAI,HLA-A*0201,0,16,0.7217161
IIVRNATFTW,HLA-B*5701,0,2,0.71987104
VIDAAVLLK,HLA-A*0301,0,12,0.7192603
RLMGINSTAA,HLA-A*0201,0,12,0.71909416
SIRDHPQAL,HLA-B*0801,0,10,0.71882707
KPRPKLHHSL,HLA-B*0801,0,10,0.7187078
RTREFTAKK,HLA-A*0301,1,3,0.7185775
EVCAPVIKR,HLA-A*6801,0,1,0.71822053
ALYKVEINK,HLA-A*0301,0,3,0.7181967
YLYCYGYWKK,HLA-A*0301,0,3,0.7179807
HALDKARTR,HLA-A*6801,0,1,0.71646374
VLFDRLSKLA,HLA-A*0201,0,12,0.7158006
FLDPDLTNI,HLA-A*0201,1,1,0.71548516
RVWDVSGLRK,HLA-A*0301,0,3,0.7149975
ALREHFQPQL,HLA-B*0801,0,10,0.7122219
ALPPTVYEV,HLA-A*0201,1,2,0.71211934
TSARTENFK,HLA-A*0301,0,12,0.71136343
KVYDIAFSR,HLA-A*0301,0,3,0.71064794
RIPRTVGQK,HLA-A*0301,0,3,0.71023256
LALPPTVYEV,HLA-A*0201,0,2,0.7090741
FPRKPRPKL,HLA-B*0801,0,10,0.7084732
KLKNKQQQL,HLA-B*0801,0,10,0.70504534
GAFMRPITLK,HLA-A*1101,0,16,0.70491445
AINRPTVLK,HLA-A*0301,1,3,0.70435786
VLLKAGWQNL,HLA-A*0201,0,12,0.7035403
VLLKAGWQNL,HLA-A*0201,0,12,0.7035403
VIAVASSMR,HLA-A*1101,0,16,0.7009393
FNSVRKRMSV,HLA-B*0801,0,10,0.7008889
LLRKNFFYF,HLA-B*0801,0,10,0.70086706
STLFRVVVAK,HLA-A*0301,0,12,0.69916636
MLVSTMPVV,HLA-A*0201,0,2,0.69869596
FSAKAGPAR,HLA-A*6801,0,1,0.6951107
RIHTSVKLY,HLA-A*0301,0,12,0.6945851
FLVESQLHL,HLA-A*0201,0,16,0.6945716
LLSLWVPQV,HLA-A*0201,0,2,0.69443166
TNFYETAMR,HLA-A*6801,0,1,0.69337255
VSFVRINSL,HLA-B*0801,0,3,0.69268054
AVPGGGMPI,HLA-A*0201,0,16,0.69231594
QLLKFIPSL,HLA-A*0201,0,2,0.691672
EPQRARSLTV,HLA-B*0801,0,10,0.691339
FPYCRAHVL,HLA-B*0801,0,10,0.690526
HALRRHYHL,HLA-B*0801,1,3,0.69020694
ASFFGVHSK,HLA-A*0301,0,3,0.68992543
SMLFARHLR,HLA-A*1101,0,16,0.68914676
KTYACQQCGK,HLA-A*0301,0,3,0.68911606
QLKMKKLSA,HLA-B*0801,0,3,0.6882666
MIRRRRPTL,HLA-B*0801,0,3,0.6879997
RLMGINSTA,HLA-A*0201,0,12,0.68561065
MARAIRVRTF,HLA-B*0801,0,10,0.6847561
ATRYNYTSEK,HLA-A*0301,1,3,0.6826219
LLSNELHRL,HLA-A*0201,0,12,0.6821805
FLSEFAGTQL,HLA-A*0201,0,2,0.6821736
FLWGSRAHA,HLA-A*0201,0,2,0.6803772
VLFDRLSKL,HLA-A*0201,0,12,0.6793854
YIYNPSLAL,HLA-A*0201,0,12,0.678591
ALVNKRNAL,HLA-B*0801,0,10,0.67772126
LLFGPSCAL,HLA-A*0201,0,16,0.6772944
SKLKNKQQQL,HLA-B*0801,0,10,0.6768775
FIAEQILATL,HLA-A*0201,0,2,0.6761573
VPTLGRGGW,HLA-B*0702,0,12,0.6755345
IMGQQPAPQV,HLA-A*0201,0,16,0.67384696
YVKSLSRVM,HLA-B*0801,0,10,0.6726514
HLFDIQGLPK,HLA-A*0301,1,3,0.67158616
ELKFYVNHL,HLA-B*0801,0,3,0.67047036
EVKEVFQAL,HLA-B*0801,0,10,0.6702105
HMKAKLAML,HLA-B*0801,0,10,0.6696658
RHSPAPFSKF,HLA-A*2402,0,10,0.668519
YPRYRLEPM,HLA-B*0801,0,10,0.6678171
YILDRESPL,HLA-A*0201,0,2,0.66653305
KLLNCPCPA,HLA-A*0201,0,2,0.6662615
RMGQTVIAV,HLA-A*0201,0,16,0.66591984
IVHHRIHTA,HLA-B*0801,0,10,0.6651379
FLDEGFSGLV,HLA-A*0201,0,2,0.66489065
ITNFYETAMR,HLA-A*6801,0,1,0.6639601
LLPGNNWKV,HLA-A*0201,0,2,0.66365707
APFSKFSTF,HLA-B*0801,0,10,0.66257364
SLHAHGLSYK,HLA-A*0301,0,3,0.66204846
SSAFLQLTAK,HLA-A*6801,0,1,0.66116124
ILTTRIHKL,HLA-B*0801,0,10,0.6588147
SQYCRPISTK,HLA-A*1101,0,16,0.6576447
GSNNLILIY,HLA-A*1101,0,16,0.65710807
SALANPIGK,HLA-A*1101,0,16,0.6560323
NLWPVPHGLK,HLA-A*1101,0,16,0.65512717
GLFEDTNLFA,HLA-A*0201,0,1,0.6547235
LVYQFKDMLK,HLA-A*0301,0,3,0.64921355
RSFSEVFLV,HLA-A*0201,0,2,0.64318234
FLDEGFSGL,HLA-A*0201,0,2,0.641321
VVVGAAGVGK,HLA-A*1101,0,16,0.64087397
ELKEKTLNL,HLA-B*0801,0,3,0.6408513
YTWEQMGLR,HLA-A*6801,0,1,0.64039105
ALWPLAYGV,HLA-A*0201,0,12,0.6398542
TVIAVASSMR,HLA-A*1101,0,16,0.63765776
KINRALTAAK,HLA-A*0301,0,3,0.6364901
AVLGSFSYV,HLA-A*0201,0,2,0.6343775
KMLDGLESL,HLA-A*0201,0,2,0.63427997
KSATRRPVWK,HLA-A*0301,0,12,0.6337867
LLAKQLYRV,HLA-A*0201,0,16,0.6329016
FLDKFMEAV,HLA-A*0201,0,2,0.6321587
FLGSLLILV,HLA-A*0201,1,1,0.63207614
SPLHRHNVF,HLA-B*0801,0,3,0.6305889
FPGIKAHPV,HLA-B*0801,0,3,0.6297972
GLSEKCSLV,HLA-A*0201,0,1,0.62966704
MLFARHLREV,HLA-A*0201,0,16,0.6278293
LLFKAGEMRK,HLA-A*0301,0,3,0.6265305
FLNCDIMLGV,HLA-A*0201,1,1,0.6259826
FLGSLLILVV,HLA-A*0201,0,1,0.625212
ATNYIYVLNK,HLA-A*0301,0,3,0.6234324
ITGALVLFMK,HLA-A*0301,0,12,0.6230474
RLMDSAQVA,HLA-A*0201,0,2,0.61496323
ALGVYGGPYV,HLA-A*0201,0,1,0.61489934
KLYESFYGP,HLA-A*0201,0,12,0.6139454
EYFRYLYHR,HLA-A*6801,0,1,0.6134462
RLSEVMARM,HLA-A*0201,0,1,0.6134345
KLVVVGAAGV,HLA-A*0201,0,16,0.6122425
VALVNKRNAL,HLA-B*0801,0,10,0.6117533
YMPGVGDFAV,HLA-A*0201,0,2,0.6113173
ILGYWIRTSK,HLA-A*0301,0,3,0.6085996
QSIWSRLQK,HLA-A*6801,0,1,0.6069701
KLADFGLAC,HLA-A*0201,0,2,0.6064888
FVLEHEDGL,HLA-A*0201,0,1,0.60512376
LIYWNPFHR,HLA-A*1101,0,16,0.6035114
LLDNGTLTI,HLA-A*0201,0,2,0.6011312
ILDTAGHEEY,HLA-A*0101,1,2,0.5975937
RKSNRVKTCK,HLA-A*0301,0,3,0.59701097
KIYTGEKPYK,HLA-A*0301,1,3,0.5919107
LLLPGNNWKV,HLA-A*0201,0,2,0.5918063
FQLPILQPA,HLA-A*0201,0,2,0.5910374
LQDSGLWFPV,HLA-A*0201,0,1,0.5904998
LLYDHPLKV,HLA-A*0201,0,1,0.59043163
YLNEAVFNFV,HLA-A*0201,1,16,0.59015703
LLKAGWQNLV,HLA-A*0201,0,12,0.58971727
FVRLQLTFEK,HLA-A*6801,0,1,0.58926916
GQFGKVWMA,HLA-A*0201,0,2,0.5881008
RLIGLMMTA,HLA-A*0201,0,16,0.5871326
RVYDALNLL,HLA-A*0201,1,1,0.5870696
ALDHMFMYFL,HLA-A*0201,1,1,0.58559453
MKYPRLCIL,HLA-B*0801,0,3,0.58517116
IVYPTPTPI,HLA-A*0201,0,2,0.5849484
NLINEAMDV,HLA-A*0201,0,16,0.5837652
SVGHQLFHR,HLA-A*6801,0,1,0.58292323
FLFQEECWHL,HLA-A*0201,0,2,0.57817626
KLKEHLGFAV,HLA-A*0201,0,2,0.5771713
TLGIKLSFLV,HLA-A*0201,0,2,0.5768109
KLYKCKVCDK,HLA-A*0301,0,3,0.5747901
LLFYGAVIEV,HLA-A*0201,0,2,0.5742144
LLNDASFISV,HLA-A*0201,0,2,0.5731276
GLKDLLNPI,HLA-A*0201,0,16,0.5729789
YLAVDALEL,HLA-A*0201,0,2,0.5711584
LIIENRYAV,HLA-A*0201,0,16,0.5704295
FTANPPSQTK,HLA-A*1101,0,16,0.57009643
YLDVFVHAI,HLA-A*0201,0,12,0.5694881
KLNPSQNVV,HLA-A*0201,0,12,0.56935036
FISGTFGLK,HLA-A*6801,0,1,0.5672135
GLTFKDVTV,HLA-A*0201,0,16,0.56693274
SLCKSILLFL,HLA-A*0201,0,16,0.56564975
RPVGGRPGW,HLA-B*0702,0,12,0.56559557
GQEGKYDLLV,HLA-A*0201,0,1,0.56512874
FLCNARVKV,HLA-A*0201,0,16,0.56205535
LVADVLSPV,HLA-A*0201,0,12,0.5617826
SLVPCLPEFF,HLA-A*2402,0,10,0.5603136
WQLDALDFLV,HLA-A*0201,0,12,0.5582144
FIWLATRRV,HLA-A*0201,0,2,0.556512
TVWDFTLEL,HLA-A*0201,0,12,0.5554903
YAVQDFLHEI,HLA-A*0201,0,16,0.5551825
FLLDETEVSV,HLA-A*0201,0,2,0.55466276
MLNTSVPNYM,HLA-A*0201,0,12,0.55346197
LQVCWLQSA,HLA-A*0201,0,12,0.55331177
SVTFNGQVFK,HLA-A*1101,0,16,0.55317235
FYLGSAYHAA,HLA-A*0201,0,1,0.55258256
ALHEEVVCV,HLA-A*0201,0,12,0.55141443
FLTKLVHLV,HLA-A*0201,0,16,0.5471802
YLNEAVFNF,HLA-A*0201,0,16,0.5470887
SLLLLPLSV,HLA-A*0201,0,16,0.5462917
TLFHDLWKL,HLA-A*0201,0,2,0.54615617
RGRMQTASL,HLA-B*0702,1,12,0.5455086
RSMLFARHLR,HLA-A*1101,0,16,0.5450167
NILGFTFDI,HLA-A*0201,0,16,0.54351544
KIFLCNARV,HLA-A*0201,0,16,0.54136395
SSWHTPTLQK,HLA-A*1101,0,16,0.53970015
LLAAGLGRA,HLA-A*0201,0,12,0.5396423
ILPGVFSKL,HLA-A*0201,0,2,0.53936684
SQPPAGSEV,HLA-A*0201,0,16,0.53934795
NSLLLLPLSV,HLA-A*0201,0,16,0.53910094
VLVADVLSPV,HLA-A*0201,0,12,0.5387047
SLSSDFNPLV,HLA-A*0201,0,16,0.5385083
GVLPNYSEGK,HLA-A*1101,0,16,0.53814316
SEQMDVAFQV,HLA-A*0201,0,1,0.5373455
KLSFLVMII,HLA-A*0201,0,2,0.5371503
KTLGIKLSFL,HLA-A*0201,0,2,0.5370847
FQLRTADWHL,HLA-A*0201,0,16,0.53698707
ILIYWNPFHR,HLA-A*1101,0,16,0.5369728
TDTGVHATLK,HLA-A*1101,0,16,0.53652906
YITKRIIAV,HLA-A*0201,0,2,0.5354498
TQCKWQFVAK,HLA-A*1101,0,16,0.53517497
RTADWHLYL,HLA-A*0201,0,16,0.5350937
DTIDVSKLNR,HLA-A*6801,1,1,0.53393
KPANHRGQL,HLA-B*0702,0,12,0.5335177
FSDVGEVPY,HLA-A*0101,0,3,0.53303355
SLYELEKEFL,HLA-A*0201,0,12,0.5327497
RVDFSATWYK,HLA-A*0301,0,3,0.5324665
YLLNDASPI,HLA-A*0201,0,2,0.5318481
YQANVVWKV,HLA-A*0201,1,12,0.5301987
RLLRGYDQV,HLA-A*0201,0,1,0.5295199
SLSEARQDV,HLA-A*0201,0,2,0.5285579
MPKMGKTIYK,HLA-A*6801,0,1,0.52610534
KVWAVTEEV,HLA-A*0201,0,2,0.52590317
YVYKIVSQL,HLA-A*0201,0,16,0.5255494
TILGEFQYFK,HLA-A*6801,0,1,0.52507544
YMWRWKQFL,HLA-A*0201,0,12,0.5231247
RTGKGQPCNK,HLA-A*0301,0,12,0.5217417
FLNDASACV,HLA-A*0201,0,2,0.52148193
VLFSNESSL,HLA-A*0201,0,2,0.52125543
EMASVLFKA,HLA-A*0201,0,1,0.5210584
SLHDLTDGV,HLA-A*0201,0,1,0.5206213
KAPVGHFYK,HLA-A*0301,0,3,0.5205815
SLLAARQLL,HLA-A*0201,0,16,0.51980853
RLDGFFKNAV,HLA-A*0201,0,2,0.51939845
LLSEFFSCL,HLA-A*0201,0,1,0.5182214
ILYHGNLVV,HLA-A*0201,0,2,0.5181922
FLSELEASV,HLA-A*0201,0,2,0.5178398
VTFNGQVFK,HLA-A*1101,0,16,0.5176078
GPVEEVRALL,HLA-B*0702,0,12,0.51699305
FVLASLCLYV,HLA-A*0201,0,1,0.5167929
FSDYVQCFL,HLA-A*0201,0,12,0.51500577
YVQCFLAFT,HLA-A*0201,0,12,0.5126797
KQLYRVFQK,HLA-A*1101,0,16,0.51217085
RCVDWLIAVY,HLA-A*0101,0,2,0.51173747
RTKYDFTWFK,HLA-A*0301,0,3,0.5113938
ALKEIIPQCI,HLA-A*0201,0,1,0.51082397
HLMNIAIIA,HLA-A*0201,0,16,0.51076525
SLYLNTTVL,HLA-A*0201,0,2,0.5104236
FHLAELCIEV,HLA-A*0201,0,2,0.510058
RLLRPIYDYL,HLA-A*0201,0,16,0.5091898
SLLLLPLSVA,HLA-A*0201,0,16,0.50516826
FLLWKATGV,HLA-A*0201,0,2,0.50464094
YMPGVGDFA,HLA-A*0201,0,2,0.5031201
YQSPDLSKV,HLA-A*0201,0,12,0.50275034
MFYAVRWGRK,HLA-A*0301,0,12,0.5015103
TLYLRNNQLV,HLA-A*0201,0,16,0.50071436
NLFLFIDKL,HLA-A*0201,0,16,0.5001983
GTDPLFMFA,HLA-A*0101,0,2,0.49855027
LLQVCWLQSA,HLA-A*0201,0,12,0.49850404
LLSFHSVFT,HLA-A*0201,0,16,0.4981614
VLNFYTTFV,HLA-A*0201,0,2,0.49788487
LLLNGLGLA,HLA-A*0201,0,12,0.49703717
RLPGLILYTL,HLA-A*0201,0,12,0.49699053
SVSDSHVYK,HLA-A*1101,0,16,0.49646086
TLMEVMSKI,HLA-A*0201,0,2,0.49568146
GMLTNIWTV,HLA-A*0201,0,1,0.49104849
KMGKTIYKYV,HLA-A*0201,0,1,0.48999542
FMKDGLTGA,HLA-A*0201,0,12,0.4892238
LSVSDSHVYK,HLA-A*1101,0,16,0.4891263
RLVLQLLEL,HLA-A*0201,0,12,0.4889925
RLCLYCGYPV,HLA-A*0201,0,12,0.48793453
RGPVEEVRAL,HLA-B*0702,0,12,0.4879131
GLSKYRPAI,HLA-A*0201,0,16,0.48777887
ATAAARGPV,HLA-B*0702,0,12,0.48774675
RPRRVEIVAL,HLA-B*0702,0,12,0.486878
YLYHRVDVI,HLA-A*0201,1,1,0.48574966
FVANLFNTYL,HLA-A*0201,0,1,0.48505875
ALVNQQFLCV,HLA-A*0201,0,12,0.48240298
PYLPSPCPP,HLA-A*2402,0,10,0.48213273
AYQKAPTKQF,HLA-A*2402,0,10,0.4817582
LSDGPSMGRY,HLA-A*0101,1,3,0.48027515
SLINSTVIV,HLA-A*0201,0,2,0.47866866
VLASLCLYV,HLA-A*0201,0,1,0.4770712
KLPYSYNLCV,HLA-A*0201,0,16,0.47605398
LLLSSLGYL,HLA-A*0201,0,2,0.47536245
SVSDSHVYKY,HLA-A*1101,0,16,0.47512978
FIYLFVTET,HLA-A*0201,0,12,0.47294897
SLSSDFNPL,HLA-A*0201,0,16,0.47208434
KLINSQINL,HLA-A*0201,0,1,0.4712497
MLSSHIATK,HLA-A*1101,0,16,0.46983978
QLFMATYEI,HLA-A*0201,0,16,0.46933538
ILPFFYLGSA,HLA-A*0201,0,1,0.46692118
YLLQKLSCL,HLA-A*0201,0,2,0.4666744
LMMHSATSA,HLA-A*0201,0,1,0.4665577
LLDEPSAHLY,HLA-A*0101,0,2,0.4644033
LLRMNQSQFI,HLA-A*0201,0,12,0.4640441
KLLSFHSVFT,HLA-A*0201,0,16,0.46401104
LLFTDQHGLV,HLA-A*0201,0,2,0.4625401
YLIIENRYAV,HLA-A*0201,0,16,0.4612776
LLHSGVIGA,HLA-A*0201,0,2,0.46124294
KPMEAVTVAV,HLA-B*0702,0,12,0.4596512
IFLSELEASV,HLA-A*0201,0,2,0.45919406
RPTYEEGFL,HLA-B*0702,0,12,0.45845354
CVDWLIAVY,HLA-A*0101,0,2,0.45680404
SVLSALFSI,HLA-A*0201,0,16,0.45677796
LLFTDQHGL,HLA-A*0201,0,2,0.45659456
VLWISAFMV,HLA-A*0201,0,2,0.4558829
ALFELRNISV,HLA-A*0201,0,12,0.45556358
RISASCATR,HLA-A*1101,0,16,0.45526803
FTDRERHCF,HLA-A*0101,0,3,0.45525682
YLFIKDNEI,HLA-A*0201,0,1,0.45496815
VLSALFSIT,HLA-A*0201,0,16,0.45467195
GPSPSSEAL,HLA-B*0702,0,12,0.45430943
ISVATFLPY,HLA-A*0101,0,2,0.45389384
QPWQASLFHL,HLA-A*2402,0,10,0.45364612
RLLRPIYDY,HLA-A*1101,0,16,0.45259064
YLIIENRYA,HLA-A*0201,0,16,0.4523609
AVYCACFVEL,HLA-A*0201,0,1,0.45070872
KLLSEFFSC,HLA-A*0201,0,1,0.44956613
SSDCSAWYM,HLA-A*0101,0,2,0.4455926
QLVMVLVGGL,HLA-A*0201,0,2,0.4445412
LDYVENLAKF,HLA-A*2402,0,10,0.4378085
VLMMHSATSA,HLA-A*0201,0,1,0.43577877
SPLCNFNIIK,HLA-A*1101,0,16,0.43524164
TIITQLSSV,HLA-A*0201,0,16,0.4349625
RSAQKMFTY,HLA-A*0101,0,3,0.43200192
ISEYVSVRFY,HLA-A*0101,0,3,0.43195632
KTIYKYVHL,HLA-A*0201,0,1,0.43188366
KLLSEFFSCL,HLA-A*0201,0,1,0.4210528
LMMHSATSAT,HLA-A*0201,0,1,0.42024052
APKVEADESL,HLA-B*0702,0,12,0.4193589
MLIILAGFL,HLA-A*0201,0,16,0.4188912
RPVWKLVKV,HLA-B*0702,0,12,0.41835424
VEKSELWMY,HLA-B*4402,0,1,0.41815844
SQPWQASLF,HLA-A*2402,0,10,0.41726592
KTIQTIVFL,HLA-A*0201,0,2,0.41711733
VYCEEYYLFS,HLA-A*2402,0,10,0.41609848
YLLIHGTAV,HLA-A*0201,0,2,0.41505685
GPVEEVRAL,HLA-B*0702,0,12,0.41485137
YGYSRVNPM,HLA-B*0801,0,3,0.41479707
LLLLPLSVA,HLA-A*0201,0,16,0.4136489
ASSFLKSFY,HLA-A*0101,0,3,0.41321215
VLASLCLYVV,HLA-A*0201,0,1,0.41227794
VSVLSALFSI,HLA-A*0201,0,16,0.40801972
VLLSVLIILL,HLA-A*0201,0,16,0.4057002
GEQPFISGTF,HLA-B*4402,0,1,0.40183476
ELTQGYIYFY,HLA-A*0101,0,2,0.40092763
CPLQCFQPRL,HLA-B*0702,0,12,0.40091744
LTVDYATFY,HLA-A*0101,0,3,0.40082574
LYEDVFPVW,HLA-A*2402,0,10,0.39952922
FMATYEINV,HLA-A*0201,0,16,0.39837056
FTNESYLELY,HLA-A*0101,1,3,0.3944636
HLIGGIQVL,HLA-A*0201,0,2,0.3934346
FSSPTHSLY,HLA-A*0101,0,2,0.39181376
GDTDSRFISY,HLA-A*0101,0,3,0.38962948
LTEQYNEKY,HLA-A*0101,0,2,0.38761538
EEQCLQWDL,HLA-B*4402,0,10,0.38650027
QEAWTAAAM,HLA-B*4402,0,10,0.3852354
QLSSVRCYV,HLA-A*0201,0,16,0.38368195
FSSPTHSLYV,HLA-A*0101,0,2,0.3831603
WSDIMFEHFY,HLA-A*0101,0,3,0.38259763
LVAVFRWAV,HLA-A*0201,0,2,0.38155276
AEQQGACPGL,HLA-B*4402,0,10,0.37970054
VSCRSVWEY,HLA-A*0101,0,3,0.3795361
SLFHLTRLF,HLA-A*2402,0,10,0.3785839
VFIQTRGGTF,HLA-A*2402,0,10,0.37849766
PWQASLFHL,HLA-A*2402,0,10,0.37805814
VFPVWEVIW,HLA-A*2402,0,10,0.37777677
SPWKDGDEL,HLA-B*0702,0,12,0.3766042
GENGQNLVKW,HLA-B*4402,0,1,0.37446606
LPGLILYTL,HLA-B*0702,0,12,0.37276432
FTQEDPQMVY,HLA-A*0101,0,3,0.37193394
LVDIVLNFY,HLA-A*0101,0,2,0.3712882
LLHSGVIGAV,HLA-A*0201,0,2,0.37127712
GEEVLLHAF,HLA-B*4402,0,1,0.37102872
VVGAAGVGK,HLA-A*1101,0,16,0.37016565
VYPFYRFRLI,HLA-A*2402,0,10,0.36988217
GEIFAQRVSW,HLA-B*4402,0,1,0.36862275
PSAEVEMTFY,HLA-A*0101,0,3,0.36773485
QEAWTAAAMY,HLA-B*4402,0,10,0.3659006
YLYVYKIVSQ,HLA-A*0201,0,16,0.36558497
QLDVSRLWY,HLA-A*0101,0,2,0.36380443
AEYQDMHSY,HLA-B*4402,1,10,0.36233464
WSFPYEFLY,HLA-A*0101,0,3,0.36196858
YTDKSEHATY,HLA-A*0101,0,3,0.35819143
LSGSDNVLY,HLA-A*0101,0,2,0.35760146
YTAEKKSLSE,HLA-A*0101,0,2,0.35691038
AELLAKQLY,HLA-B*4402,0,16,0.35430276
AYGNNCDGI,HLA-A*2402,0,10,0.3533789
FTADQKVVY,HLA-A*0101,0,3,0.35169226
IAADGEFLY,HLA-A*0101,0,2,0.3513068
VSEGGCFCY,HLA-A*0101,0,2,0.35041115
ATLFSDSWYY,HLA-A*0101,0,3,0.34705842
LLYEDVFPVW,HLA-A*2402,0,10,0.34693822
DTDSRFISY,HLA-A*0101,0,3,0.34686783
SEVAVSVLSA,HLA-B*4402,0,16,0.34528846
MLDIIKAIY,HLA-A*0101,0,3,0.3449363
AYYFMVKVW,HLA-A*2402,0,10,0.34479916
HEACNCGNTV,HLA-B*4402,0,10,0.34366363
EDNKHAPSSW,HLA-B*4402,0,16,0.34105754
EEQCLQWDLY,HLA-B*4402,0,10,0.34019232
KLHVSVEAFV,HLA-A*0201,0,12,0.34017682
RMPKLLKSLF,HLA-A*2402,0,10,0.33895808
AEVSVLYTV,HLA-B*4402,0,16,0.33855093
SLCLYVVVGV,HLA-A*0201,0,1,0.3376764
KEEVKEVFQA,HLA-B*4402,0,10,0.33714297
EEQEPVQQL,HLA-B*4402,0,1,0.33628505
KIFLCNARVK,HLA-A*1101,0,16,0.32995865
EEVKEVFQAL,HLA-B*4402,0,10,0.3296954
YSNFISHLAK,HLA-A*1101,0,16,0.32927835
EYQDMHSYI,HLA-A*2402,0,10,0.32897305
EAIYETYTW,HLA-B*4402,0,1,0.3268686
EENSTGSLY,HLA-B*4402,0,1,0.32621476
KTLMEVMSKI,HLA-A*0201,0,2,0.3233223
REMLKRQERF,HLA-B*4402,0,1,0.3223874
AWLLRKNFF,HLA-A*2402,0,10,0.32197678
REEQCLQWDL,HLA-B*4402,0,10,0.32166955
SEGKLPYSY,HLA-B*4402,0,16,0.31842947
IYANMFKKF,HLA-A*2402,0,10,0.31717017
SESSTIQEV,HLA-B*4402,0,10,0.31680474
RVVSGAYYF,HLA-A*2402,0,10,0.3082087
AELEEVSSY,HLA-B*4402,0,1,0.30647874
KEIIPQCIA,HLA-B*4402,0,1,0.3056597
FATCLGLFY,HLA-A*0101,0,3,0.30178478
IENRYAVQDF,HLA-B*4402,0,16,0.2989475
VEHINISQDW,HLA-B*4402,1,10,0.29417944
VYCEEYYLF,HLA-A*2402,1,10,0.29276168
IENIWSPEG,HLA-B*4402,0,1,0.29248184
ADTSEARPFW,HLA-B*4402,0,1,0.29239488
EESSNNLTKF,HLA-B*4402,0,1,0.28904536
ESEPYTFSY,HLA-A*0101,0,3,0.28828886
SERVLTEIF,HLA-B*4402,0,1,0.28818962
REYLYVYKI,HLA-B*4402,0,16,0.2850839
LTQGYIYFY,HLA-A*0101,0,2,0.28454435
EEYYLFSGF,HLA-B*4402,0,10,0.2700973
TMMCVSRNEL,HLA-A*0201,0,16,0.26535946
MENIEVYNEF,HLA-B*4402,0,1,0.26302576
EEFLDPSRPY,HLA-B*4402,0,16,0.25955307
IFSSPTHSLY,HLA-A*0101,0,2,0.25243944
