peptide,HLA,immunogenicity,tested,responded,ratio,result
EERDIPERSW,HLA-B*4403,1,37,1,2.7,0.9978358
GEVGAIALDF,HLA-B*4403,1,37,1,2.7,0.99700785
QKEGVFHTMW,HLA-B*4403,1,37,1,2.7,0.99572957
RETACLGKAY,HLA-B*4403,1,37,1,2.7,0.9949602
KETACLGKSY,HLA-B*4403,1,37,1,2.7,0.9947942
EENMDVEIW,HLA-B*4403,1,37,1,2.7,0.99399203
KEGVFHTMW,HLA-B*4403,1,37,1,2.7,0.99311835
RETACLGKSY,HLA-B*4403,1,37,1,2.7,0.99310076
GEGLHKLGY,HLA-B*4403,1,37,3,8.1,0.99267185
MEGVFHTMWH,HLA-B*4403,1,37,1,2.7,0.99258584
MEGVFHTMW,HLA-B*4403,1,37,1,2.7,0.9920473
HQLWATLLSL,HLA-B*1501,1,61,1,1.6,0.9882729
MSSEGAWKHA,HLA-B*5701,1,27,1,3.7,0.9857581
CLIPTAMAF,HLA-B*1501,1,61,1,1.6,0.98315763
SEMAEALKGM,HLA-B*4001,1,53,1,1.9,0.98252183
QEGAMHSAL,HLA-B*4001,1,53,1,1.9,0.98248726
MLIPTAMAF,HLA-B*3501,1,48,7,14.6,0.9818382
LILCVTQVLM,HLA-B*3501,1,48,2,4.2,0.98064446
LEFEALGFMN,HLA-B*4001,1,53,1,1.9,0.9782327
LETLMLVALL,HLA-B*4001,1,53,1,1.9,0.9771997
GEFRLRGEQR,HLA-B*4001,1,53,3,5.7,0.9767592
LEFEALGFLN,HLA-B*4001,1,53,1,1.9,0.97629035
MASSALLWMA,HLA-B*5801,1,26,1,3.8,0.9761952
LEFEALGFL,HLA-B*4001,1,53,1,1.9,0.9755485
YQLWTALISL,HLA-B*1501,1,61,1,1.6,0.97532576
LEFEALGFM,HLA-B*4001,1,53,1,1.9,0.97516227
GPGHEEPIPM,HLA-B*3501,1,48,3,6.3,0.9738227
IPMTGPLVAG,HLA-B*3501,1,48,5,10.4,0.9721747
ASSVLLWMAS,HLA-B*5801,1,26,1,3.8,0.9720812
LETLMLVAL,HLA-B*4001,1,53,1,1.9,0.97199637
TETTILDVDL,HLA-B*4001,1,53,2,3.8,0.97158015
GMGEAAAIF,HLA-B*1501,1,61,1,1.6,0.97152513
QEGAMHTAL,HLA-B*4001,1,53,1,1.9,0.97129714
GESRKTFVEL,HLA-B*4001,1,53,3,5.7,0.9709399
GPWHLGKLEM,HLA-B*3501,1,48,3,6.3,0.9707704
LMMATIGIAL,HLA-B*1501,1,61,1,1.6,0.9701756
MAMTCIAVG,HLA-B*3501,1,48,1,2.1,0.9701736
REIPERSWNT,HLA-B*4001,1,53,2,3.8,0.9700447
VPLLAMGCY,HLA-B*3501,1,48,1,2.1,0.97001636
IANQAAILM,HLA-B*3501,1,48,1,2.1,0.96931154
IPMSTYGWNL,HLA-B*3501,1,48,2,4.2,0.96929765
GEQRKTFVEL,HLA-B*4001,1,53,2,3.8,0.9689769
LPLPWLPGAD,HLA-B*3501,1,48,1,2.1,0.9685385
LPVWLAYKVA,HLA-B*3501,1,48,7,14.6,0.9680584
RQMEGEGVL,HLA-B*1501,1,61,1,1.6,0.96680045
REWCFTGERN,HLA-B*4001,1,53,2,3.8,0.96626425
SPCKIPFEIM,HLA-B*3501,1,48,5,10.4,0.966038
GEARKTFVEL,HLA-B*4001,1,53,3,5.7,0.96541274
FPVSIPITAA,HLA-B*3501,1,48,1,2.1,0.96466
TPEGIIPTLF,HLA-B*3501,1,48,9,18.8,0.96450245
TPRMCTREEF,HLA-B*3501,1,48,3,6.3,0.9641576
LMMILPAAL,HLA-B*1501,1,61,1,1.6,0.96338356
AQMWTLMYF,HLA-B*1501,1,61,1,1.6,0.96322966
MMATIGIAL,HLA-B*3501,1,48,6,12.5,0.9616896
VPLLAIGCY,HLA-B*3501,1,48,7,14.6,0.96160173
KVRKDIQQW,HLA-B*5701,1,27,1,3.7,0.9611206
QENPYRTWAY,HLA-B*4001,1,53,1,1.9,0.9607886
MSFRDLGRVM,HLA-B*3501,1,48,8,16.7,0.9594226
TAEAGGRAY,HLA-B*3501,1,48,4,8.3,0.95868826
FGAIYGAAF,HLA-B*3501,1,48,3,6.3,0.9582448
MGYWIESAL,HLA-B*3501,1,48,1,2.1,0.9578866
RQMEGEGIF,HLA-B*1501,1,61,1,1.6,0.95712465
FPQSNAPIM,HLA-B*3501,1,48,3,6.3,0.95707846
IPFEIMDLEK,HLA-B*3501,1,48,5,10.4,0.9568679
REDQWCGSL,HLA-B*4001,1,53,1,1.9,0.9566614
MAVGMVSIL,HLA-B*3501,1,48,5,10.4,0.95602524
VASGLLWVAE,HLA-B*5801,1,26,1,3.8,0.95579135
MPVTVASAAQ,HLA-B*3501,1,48,1,2.1,0.9550053
HQLWATLLSL,HLA-A*0206,1,9,1,11.1,0.9546603
LMMTTIGVVL,HLA-B*1501,1,61,1,1.6,0.9537784
IANQATVLM,HLA-B*3501,1,48,7,14.6,0.9527136
HMIAGVLFTF,HLA-B*1501,1,61,1,1.6,0.95257425
GASKRSWPLN,HLA-B*5801,1,26,1,3.8,0.9518539
YAQMWSLMYF,HLA-B*3501,1,48,1,2.1,0.951581
RLRGEARKTF,HLA-B*1501,1,61,1,1.6,0.9515699
GEARKTFVDL,HLA-B*4001,1,53,3,5.7,0.9512793
TPEGIIPALF,HLA-B*3501,1,48,9,18.8,0.9512064
HPGFTILALF,HLA-B*3501,1,48,9,18.8,0.9506471
GTSGSPIVNR,HLA-B*5701,1,27,1,3.7,0.9505485
LPTFMTQKAR,HLA-B*3501,1,48,8,16.7,0.95039177
FTNMEAQLVR,HLA-B*3501,1,48,1,2.1,0.94860077
TPEAKNSTF,HLA-B*3501,1,48,1,2.1,0.9484383
MSYSMCTGKF,HLA-B*3501,1,48,6,12.5,0.94819343
REDLWCGSL,HLA-B*4001,1,53,1,1.9,0.948022
LPVWLAHKVA,HLA-B*3501,1,48,1,2.1,0.94729054
KSYAQMWQL,HLA-B*5801,1,26,1,3.8,0.9469764
TPEGIIPSMF,HLA-B*3501,1,48,8,16.7,0.9469608
IAVSTANIF,HLA-B*5801,1,26,2,7.7,0.94694483
MIDKTPVHSW,HLA-B*5301,1,1,1,100.0,0.94670415
KTDFGFYQV,HLA-A*0206,1,9,1,11.1,0.94627035
WALCESITL,HLA-B*3501,1,48,1,2.1,0.94566
IGIGVLLTW,HLA-B*5801,1,26,1,3.8,0.9454104
MPVTHSSAAQ,HLA-B*3501,1,48,2,4.2,0.9453622
LAYTIGTTHF,HLA-B*3501,1,48,2,4.2,0.94516593
TPEARNSTF,HLA-B*3501,1,48,1,2.1,0.9450114
FTILALFLAH,HLA-B*3501,1,48,8,16.7,0.94463336
MLWMAEIPL,HLA-B*3501,1,48,1,2.1,0.94395226
MMMLPATLAF,HLA-B*3501,1,48,2,4.2,0.9438371
FMALVAFLRF,HLA-B*3501,1,48,1,2.1,0.9436122
YKVASAGISY,HLA-B*3501,1,48,2,4.2,0.942297
IVIGVGDSAL,HLA-B*1501,1,61,1,1.6,0.94176906
QSGVDVFFTP,HLA-B*5801,1,26,1,3.8,0.9417588
YAQMWQLMYF,HLA-B*3501,1,48,1,2.1,0.9416814
KVIQLSRKTF,HLA-B*1501,1,61,1,1.6,0.94150156
IAFLRFLAI,HLA-B*5101,1,26,1,3.8,0.9406117
MPVTHSSAA,HLA-B*3501,1,48,2,4.2,0.94046855
FTIMAAILAY,HLA-B*3501,1,48,2,4.2,0.9398571
ALRGLPIRY,HLA-A*0301,1,20,2,10.0,0.9398384
MAFIAFLRF,HLA-B*3501,1,48,1,2.1,0.9394395
FPQSNAPIMD,HLA-B*3501,1,48,4,8.3,0.9393488
TIMAAILAY,HLA-B*3501,1,48,2,4.2,0.9380193
APTRVVAAEM,HLA-B*3501,1,48,1,2.1,0.9369453
MLVTPSMTM,HLA-B*3501,1,48,8,16.7,0.9368602
LPETLETLLL,HLA-B*3501,1,48,3,6.3,0.93681836
LPVWLAYRV,HLA-B*5101,1,26,1,3.8,0.93595624
YQNKVVKVLR,HLA-A*3301,1,85,1,1.2,0.9358789
MAILGDTAW,HLA-B*3501,1,48,1,2.1,0.9348018
MALSIVSLF,HLA-B*5101,1,26,1,3.8,0.9346733
TAAVLLLITH,HLA-B*5801,1,26,1,3.8,0.93442816
KAYAQMWSL,HLA-B*5801,1,26,1,3.8,0.9341394
EPKEGTKKLM,HLA-B*3501,1,48,3,6.3,0.93406355
YAQMWSLMY,HLA-B*1501,1,61,2,3.3,0.933916
ASSMVNGVVR,HLA-B*5701,1,27,2,7.4,0.9335208
HALLATSIF,HLA-B*3501,1,48,2,4.2,0.9327502
ASSMVNGVVK,HLA-B*5801,1,26,1,3.8,0.9325948
TLMAAILAY,HLA-B*1501,1,61,1,1.6,0.93208003
YLAGAGLAF,HLA-B*1501,1,61,1,1.6,0.9319581
LPVWLAYKV,HLA-B*5101,1,26,1,3.8,0.9309969
IGIGILLTW,HLA-B*5801,1,26,1,3.8,0.93076015
ESSSNPTIEE,HLA-B*5801,1,26,1,3.8,0.9305631
LTAAVLLLI,HLA-B*5801,1,26,1,3.8,0.9304348
YQNKVVKVQR,HLA-A*3301,1,85,1,1.2,0.9303287
PTSRTTWSIH,HLA-B*5801,1,26,1,3.8,0.9301584
EFKEFAAGR,HLA-A*3301,1,85,1,1.2,0.92763245
IAVSMANIF,HLA-B*3501,1,48,5,10.4,0.9275836
CPTQGEAVL,HLA-B*3501,1,48,2,4.2,0.92727757
KAYAQMWSL,HLA-B*5701,1,27,1,3.7,0.9270275
AMALSIVSLF,HLA-B*1501,1,61,1,1.6,0.926767
MPGTFQTTTG,HLA-B*3501,1,48,1,2.1,0.92560184
MMLPATLAF,HLA-B*3501,1,48,2,4.2,0.9248464
DPASIAARGY,HLA-B*3501,1,48,9,18.8,0.92432755
TPEGIIPSM,HLA-B*3501,1,48,9,18.8,0.92380714
AAVLLLVTHY,HLA-B*5801,1,26,2,7.7,0.923662
EAVEDSRFWE,HLA-B*5801,1,26,1,3.8,0.9236586
MAFIAFLRF,HLA-B*1501,1,61,1,1.6,0.9231523
VSSVNMVSRL,HLA-B*5801,1,26,2,7.7,0.9230583
GGWRLSAQW,HLA-B*5701,1,27,1,3.7,0.9225552
KAKGSRAIW,HLA-B*5701,1,27,4,14.8,0.92241275
YAQMWTLMYF,HLA-B*1501,1,61,1,1.6,0.921648
LMCHATFTM,HLA-B*1501,1,61,1,1.6,0.9213768
NPWMEDKTH,HLA-B*3501,1,48,1,2.1,0.9198345
WAYHGSYEV,HLA-B*5101,1,26,1,3.8,0.91930366
PASAWTLYAV,HLA-B*5801,1,26,1,3.8,0.91884816
FTMRHKKATY,HLA-B*3501,1,48,4,8.3,0.918581
KAVHADMGYW,HLA-B*5801,1,26,1,3.8,0.9180695
YAQMWTLMY,HLA-B*1501,1,61,1,1.6,0.91753614
ATGPVLTLW,HLA-B*5801,1,26,2,7.7,0.9174906
MANIFRGSY,HLA-B*3501,1,48,5,10.4,0.9161469
FASGRKSITL,HLA-B*5801,1,26,1,3.8,0.91481996
MPLVMAWRTI,HLA-B*5101,1,26,1,3.8,0.91392624
PASIAARGYI,HLA-B*5801,1,26,2,7.7,0.9135487
LPESLETLM,HLA-B*3501,1,48,1,2.1,0.9131781
GSSKIRWIVE,HLA-B*5801,1,26,2,7.7,0.91237426
RAKGSRAIW,HLA-B*5701,1,27,2,7.4,0.91226995
IAVSMANIF,HLA-B*5801,1,26,1,3.8,0.9122264
VTIDLDPVVY,HLA-B*1501,1,61,1,1.6,0.9120735
IPITAAAWY,HLA-B*3501,1,48,1,2.1,0.9115042
RAVHADMGYW,HLA-B*5801,1,26,1,3.8,0.9108639
MPSVIEKMET,HLA-B*3501,1,48,1,2.1,0.91078407
RPISEKEENM,HLA-B*3501,1,48,1,2.1,0.9101602
MALKDFKEF,HLA-B*3501,1,48,7,14.6,0.909279
MAEIPLQWI,HLA-B*5101,1,26,1,3.8,0.90900254
LPVWLAYRVA,HLA-B*5101,1,26,1,3.8,0.9082402
LSMGLITIAV,HLA-A*0206,1,1,1,100.0,0.9065318
FMKDGRSLVV,HLA-B*5101,1,26,1,3.8,0.90617883
YTPEGIIPTL,HLA-A*0206,1,9,1,11.1,0.905558
EPIEGKVVQY,HLA-B*3501,1,48,1,2.1,0.9040612
IGLTSRATW,HLA-B*5801,1,26,1,3.8,0.9022993
VATTFVTPM,HLA-B*3501,1,48,8,16.7,0.9019003
YQLAVTITAI,HLA-B*1501,1,61,1,1.6,0.89873093
LPLPWTSGA,HLA-B*5101,1,26,1,3.8,0.898281
SPILSITISE,HLA-B*3501,1,48,6,12.5,0.89801204
ATGPILTLW,HLA-B*5801,1,26,2,7.7,0.8978899
RASFIEVKTC,HLA-B*5801,1,26,2,7.7,0.8972792
KGSRAIWYMW,HLA-B*5801,1,26,1,3.8,0.8968704
LLSPVRVPNY,HLA-B*1501,1,61,1,1.6,0.8956077
EFKEFAAGRR,HLA-A*3301,1,85,1,1.2,0.89421797
TFKVPHAKR,HLA-A*3301,1,85,1,1.2,0.8941494
DYMPSMKRFR,HLA-A*3301,1,85,1,1.2,0.89328504
TPFGQQRVF,HLA-B*3501,1,48,3,6.3,0.89230216
HPGAGKTKRY,HLA-B*3501,1,48,10,20.8,0.8921485
HPASAWTLY,HLA-B*3501,1,48,2,4.2,0.8909141
NPEIEDDIF,HLA-B*3501,1,48,10,20.8,0.8859087
LSRNSTHEM,HLA-B*1501,1,61,1,1.6,0.88558614
DTTPFGQQR,HLA-A*3301,1,85,1,1.2,0.88532233
EPGQLKLNWF,HLA-B*3501,1,48,5,10.4,0.8853015
TPQDNQLAY,HLA-B*3501,1,48,1,2.1,0.88468933
LPTYLSSRAK,HLA-B*3501,1,48,1,2.1,0.88467187
RAAVEDEEF,HLA-B*5801,1,26,1,3.8,0.8828904
GFFLRKLTSR,HLA-A*3301,1,85,1,1.2,0.8821884
VQADMGCVV,HLA-A*0206,1,9,1,11.1,0.88209313
FSRENSLSGV,HLA-B*5101,1,26,1,3.8,0.88120854
FAGPVSQHNY,HLA-B*3501,1,48,3,6.3,0.8805609
KPWDVVPMV,HLA-B*5101,1,26,2,7.7,0.878405
YGGPISQHNY,HLA-B*3501,1,48,1,2.1,0.8756492
ICSAVPVHW,HLA-B*5801,1,26,1,3.8,0.8755553
CPTQGEATL,HLA-B*3501,1,48,1,2.1,0.87364006
MPSMKRFRRE,HLA-B*3501,1,48,4,8.3,0.8735517
MMLKLLTDF,HLA-B*1501,1,61,1,1.6,0.87336874
TPEGIIPTLF,HLA-B*5301,1,1,1,100.0,0.8718784
YGVLFSGVSW,HLA-B*5301,1,1,1,100.0,0.8715754
ATGPLTTLW,HLA-B*5801,1,26,2,7.7,0.8676038
KQISNELNY,HLA-B*1501,1,61,1,1.6,0.8669007
LIHQVFGTAY,HLA-B*1501,1,61,1,1.6,0.8651625
LLMLVTPSM,HLA-B*1501,1,61,1,1.6,0.8639779
KGSRAIWYMW,HLA-B*5701,1,27,1,3.7,0.86304826
ATGPISTLW,HLA-B*5801,1,26,2,7.7,0.8627016
TPVHSWEDI,HLA-B*5101,1,26,1,3.8,0.86190325
TPQDNQLTY,HLA-B*3501,1,48,1,2.1,0.8600819
WSIHAHHQW,HLA-B*5701,1,27,1,3.7,0.85755825
LPVWLSYKV,HLA-B*5101,1,26,1,3.8,0.85679233
TTFSLHYAW,HLA-B*5801,1,26,1,3.8,0.85654116
KPWDVIPMV,HLA-B*5101,1,26,3,11.5,0.8553482
KQIANELNY,HLA-B*1501,1,61,1,1.6,0.8552983
MEITAEWLW,HLA-B*5801,1,26,1,3.8,0.8551911
WSIHAHHQW,HLA-B*5801,1,26,3,11.5,0.8546946
GTSGSPIIDK,HLA-A*1101,1,50,3,6.0,0.85411596
LVHQIFGTAY,HLA-B*1501,1,61,1,1.6,0.85296273
LRVLNLVENW,HLA-B*5301,1,1,1,100.0,0.8512055
MANEMGFLEK,HLA-A*1101,1,50,1,2.0,0.8489841
ATGPITTLW,HLA-B*5801,1,26,2,7.7,0.8467835
LPIRYQTPAI,HLA-B*3501,1,48,5,10.4,0.84192085
TPEGIIPSMF,HLA-B*5301,1,1,1,100.0,0.8402413
IPKAYAGPF,HLA-B*3501,1,48,1,2.1,0.8395246
ITAAAWYLW,HLA-B*5301,1,1,1,100.0,0.8381878
NPAQEDDQY,HLA-B*3501,1,48,2,4.2,0.83623385
LPEEQDQNY,HLA-B*3501,1,48,5,10.4,0.83357656
GPMKLVMAF,HLA-B*5301,1,1,1,100.0,0.83284867
RVIDPRRCMK,HLA-A*0301,1,20,3,15.0,0.83250546
WVAEIQPQW,HLA-B*5801,1,26,1,3.8,0.8301405
MPVMKRYSAP,HLA-B*5101,1,26,1,3.8,0.830057
EPGVVSPTSY,HLA-B*3501,1,48,1,2.1,0.82739156
RVIDPRRCMK,HLA-A*3101,1,9,1,11.1,0.82725054
QPHWIAASI,HLA-B*5101,1,26,1,3.8,0.82539034
LATGPVLTLW,HLA-B*5301,1,1,1,100.0,0.8253171
LPVWLAYKV,HLA-B*5301,1,1,1,100.0,0.8232295
NPTVDGITV,HLA-B*5101,1,26,1,3.8,0.8205632
CLMMMLPATL,HLA-A*0201,1,50,1,2.0,0.81783104
LPETLETLLL,HLA-B*5101,1,26,1,3.8,0.8152309
GSRAIWYMW,HLA-B*5701,1,27,1,3.7,0.81230927
QPHWIAASII,HLA-B*5101,1,26,1,3.8,0.81125414
MKITAEWLW,HLA-B*5301,1,1,1,100.0,0.81090736
ETTKHAVSR,HLA-A*3301,1,85,1,1.2,0.8101672
LPGADTQGSN,HLA-B*3501,1,48,1,2.1,0.80957407
ISSMLNIMNR,HLA-A*6801,1,24,1,4.2,0.80902946
VYTQLCDHR,HLA-A*3301,1,85,1,1.2,0.80758893
WAYHGSYET,HLA-B*3501,1,48,3,6.3,0.80613446
NQLIYVILTI,HLA-A*0206,1,9,1,11.1,0.8045211
KATREAQKRA,HLA-B*5801,1,26,1,3.8,0.8036457
LPIRYQTPA,HLA-B*5101,1,26,1,3.8,0.8002402
RVIDPRRCLK,HLA-A*0301,1,20,1,5.0,0.79919267
YPKTKLTDWD,HLA-B*3501,1,48,1,2.1,0.7965052
LMKITAEWLW,HLA-B*5301,1,1,1,100.0,0.796021
GPWHLGKLEL,HLA-B*0702,1,42,2,4.8,0.7949104
MMMLPATLA,HLA-A*0201,1,50,1,2.0,0.7939687
TLLCLIPTV,HLA-A*0201,1,50,1,2.0,0.79319733
VMGITAEWLW,HLA-B*5301,1,1,1,100.0,0.79286253
DPIPYDPKF,HLA-B*3501,1,48,1,2.1,0.79125154
MPGTRKVMGI,HLA-B*5101,1,26,1,3.8,0.7893028
TPPGSRDPF,HLA-B*3501,1,48,6,12.5,0.7876548
IPTVMAFHL,HLA-B*5301,1,1,1,100.0,0.7857132
TPEGIIPSM,HLA-B*5301,1,1,1,100.0,0.7824883
YAQIQPHWI,HLA-B*5101,1,26,1,3.8,0.77984166
HPASAWTLY,HLA-B*5301,1,1,1,100.0,0.77661014
LGFLNEDHW,HLA-B*5701,1,27,1,3.7,0.77639574
TTKRDLGMSK,HLA-A*1101,1,50,1,2.0,0.7749163
KTWAYHGSY,HLA-B*1501,1,61,1,1.6,0.7725389
MPGTRRVMGI,HLA-B*5101,1,26,1,3.8,0.7645779
RVLKMVEPW,HLA-B*5801,1,26,1,3.8,0.7621466
MTTTANWLW,HLA-B*5301,1,1,1,100.0,0.7532203
LMMMLPATLA,HLA-A*0201,1,50,1,2.0,0.7509304
LMMMLPATL,HLA-A*0201,1,50,1,2.0,0.75090504
KVLNPYMPSV,HLA-A*0201,1,50,1,2.0,0.7434098
LPAIVREAI,HLA-B*5301,1,1,1,100.0,0.74116945
KPTLDFELI,HLA-B*5301,1,1,1,100.0,0.7371986
APIMDEEREI,HLA-B*5301,1,1,1,100.0,0.7285286
TSGSPIIDK,HLA-A*1101,1,50,2,4.0,0.71725243
IPQWEPSKGW,HLA-B*5301,1,1,1,100.0,0.71676457
VLNPYMPSV,HLA-A*0201,1,50,1,2.0,0.71465385
QIAMTDTTPF,HLA-B*1501,1,61,1,1.6,0.7053381
LPVWLSYKV,HLA-B*5301,1,1,1,100.0,0.7027181
VTRGAVLMHK,HLA-A*1101,1,50,1,2.0,0.70233876
RPRLCTREEF,HLA-B*0702,1,42,4,9.5,0.7021152
TLMAMDLGEL,HLA-A*0201,1,50,1,2.0,0.6943159
VPNYNMIIM,HLA-B*5101,1,26,1,3.8,0.6913065
MTQKARNAL,HLA-B*0702,1,42,2,4.8,0.6863557
TPRMCTREEF,HLA-B*0702,1,42,2,4.8,0.6827173
WHYDQDHPY,HLA-B*3501,1,48,5,10.4,0.6751439
SQIGAGVYK,HLA-A*1101,1,50,1,2.0,0.6730422
GAMLFLISGK,HLA-A*1101,1,50,1,2.0,0.6654823
TPRSMPGTRR,HLA-B*0702,1,42,1,2.4,0.66440535
IILEFFLMV,HLA-A*0201,1,50,1,2.0,0.6545406
MVSRLLLNR,HLA-A*1101,1,50,1,2.0,0.65336007
IPMATYGWNL,HLA-B*0702,1,42,2,4.8,0.6529353
IPMSTYGWNL,HLA-B*0702,1,42,2,4.8,0.6497929
LMLLALIAVL,HLA-A*0201,1,50,1,2.0,0.64746773
ITLLCLIPTV,HLA-A*0201,1,50,1,2.0,0.64687544
KPRLCTREEF,HLA-B*0702,1,42,1,2.4,0.64107835
YLAGAGLAF,HLA-B*0702,1,42,2,4.8,0.64008725
SPGKFWNTTI,HLA-B*0702,1,42,3,7.1,0.6381786
AVQTKPGLFK,HLA-A*1101,1,50,1,2.0,0.6342363
FLMVLLIPEP,HLA-A*0201,1,50,1,2.0,0.62015945
TLTAAVLLLV,HLA-A*0201,1,50,1,2.0,0.6168823
KTFVDLMRR,HLA-A*1101,1,50,1,2.0,0.6132491
KPRICTREEF,HLA-B*0702,1,42,1,2.4,0.6121956
NPRLCTREEF,HLA-B*0702,1,42,1,2.4,0.60835147
MPSVIEKMET,HLA-B*5301,1,1,1,100.0,0.60818017
MLLILCVTQV,HLA-A*0201,1,50,1,2.0,0.607996
DTTPFGQQR,HLA-A*6801,1,24,7,29.2,0.5931047
KSGAIKVLK,HLA-A*1101,1,50,1,2.0,0.59136146
TLMLLALIAV,HLA-A*0201,1,50,1,2.0,0.5843564
YVSAIAQTEK,HLA-A*1101,1,50,1,2.0,0.58365446
APFESEGVL,HLA-B*0702,1,42,2,4.8,0.5829472
CPTQGEPSL,HLA-B*5301,1,1,1,100.0,0.5798807
MPSMKRFRRE,HLA-B*5301,1,1,1,100.0,0.57612073
RQLANAIFK,HLA-A*1101,1,50,1,2.0,0.57310903
RFLEFEALGF,HLA-A*2402,1,70,1,1.4,0.5729432
ATYGWNLVK,HLA-A*1101,1,50,1,2.0,0.57254785
IILEFFLMVL,HLA-A*0201,1,50,1,2.0,0.5709131
FTMGVLCLAI,HLA-A*0201,1,50,1,2.0,0.57040566
ETACLGKAYA,HLA-A*2601,1,10,1,10.0,0.5652919
VTYECPLLV,HLA-A*0201,1,50,1,2.0,0.56255084
QPESNILDI,HLA-B*5301,1,1,1,100.0,0.5613732
KPGTSGSPII,HLA-B*0702,1,42,2,4.8,0.5541958
YPKTKLTDW,HLA-B*5301,1,1,1,100.0,0.5538984
ELMRRGDLPV,HLA-A*0201,1,50,1,2.0,0.5530194
MLLALIAVL,HLA-A*0201,1,50,1,2.0,0.54797125
RYLEFEALGF,HLA-A*2402,1,70,1,1.4,0.5446885
KPGTSGSPIV,HLA-B*0702,1,42,1,2.4,0.5394796
IQPFLALGF,HLA-A*2402,1,70,1,1.4,0.53836095
ETACLGKAY,HLA-A*2601,1,10,3,30.0,0.536715
STYGWNLVR,HLA-A*1101,1,50,1,2.0,0.5172269
STYGWNIVK,HLA-A*1101,1,50,1,2.0,0.5164878
MSYTMCSGK,HLA-A*1101,1,50,1,2.0,0.5158053
LWEGSPGKF,HLA-A*2402,1,70,1,1.4,0.51345724
ETTHHAVSR,HLA-A*6801,1,24,1,4.2,0.5028192
MSTYGWNIVK,HLA-A*1101,1,50,1,2.0,0.4906178
QYSDRRWCF,HLA-A*2402,1,70,1,1.4,0.48445097
VPMVTQMAM,HLA-B*0702,1,42,1,2.4,0.48287672
RPASAWTLY,HLA-B*0702,1,42,2,4.8,0.47999293
NPLTLTAAV,HLA-B*0702,1,42,2,4.8,0.47275296
ETACLGKSY,HLA-A*2601,1,10,3,30.0,0.47209787
RPRWLDART,HLA-B*0702,1,42,2,4.8,0.47171277
LPAIVREAI,HLA-B*0702,1,42,2,4.8,0.46899608
SIILEFFLMV,HLA-A*0201,1,50,1,2.0,0.45681953
MATYGWNLVK,HLA-A*1101,1,50,1,2.0,0.4526918
EPDYEVDEDI,HLA-B*5301,1,1,1,100.0,0.44498286
VPYLGKREDQ,HLA-B*0702,1,42,2,4.8,0.4387426
RVIDPRRCMK,HLA-A*1101,1,50,2,4.0,0.43054253
KPRWLDARI,HLA-B*0702,1,42,1,2.4,0.4203774
RVIDPRRCL,HLA-B*0702,1,42,2,4.8,0.41812268
RPASAWTLYA,HLA-B*0702,1,42,2,4.8,0.41222715
RVIDPRRCM,HLA-B*0702,1,42,1,2.4,0.40679008
NPWMEDKTPV,HLA-B*0702,1,42,2,4.8,0.405236
SPVRVPNYNL,HLA-B*0702,1,42,1,2.4,0.38794404
SPSPTVEESR,HLA-B*0702,1,42,1,2.4,0.38422588
RVIDPRRCLK,HLA-A*1101,1,50,2,4.0,0.38083383
SPIINREGKV,HLA-B*0702,1,42,1,2.4,0.37834853
EPISYDPKF,HLA-B*5301,1,1,1,100.0,0.37670818
TPEGIIPAL,HLA-B*0702,1,42,2,4.8,0.37549862
TPMLRHTIEN,HLA-B*0702,1,42,2,4.8,0.37197542
GPMKLVMAFI,HLA-B*0702,1,42,2,4.8,0.35457015
ETACLGKSYA,HLA-A*2601,1,10,2,20.0,0.34986168
GPLVAGGLL,HLA-B*0702,1,42,3,7.1,0.34327745
TPPGSRDPF,HLA-B*0702,1,42,1,2.4,0.33890936
KPGTSGSPI,HLA-B*0702,1,42,2,4.8,0.32669836
NPITLTAAL,HLA-B*0702,1,42,1,2.4,0.32508332
TPEGIIPTLF,HLA-B*0702,1,42,1,2.4,0.3175099
GPSLRTTTV,HLA-B*0702,1,42,1,2.4,0.31157428
VLLLVTHYAI,HLA-A*0201,1,50,1,2.0,0.30928245
GPMKLVMAF,HLA-B*0702,1,42,2,4.8,0.3067711
RPTPKGTVM,HLA-B*0702,1,42,1,2.4,0.3007423
VYTQLCDHRL,HLA-A*2402,1,70,1,1.4,0.29069328
APTRVVAAEM,HLA-B*0702,1,42,8,19.0,0.2867664
LPIRYQTPA,HLA-B*0702,1,42,2,4.8,0.2867041
RPGYHTQTA,HLA-B*0702,1,42,2,4.8,0.28303188
SPKRLATAIA,HLA-B*0702,1,42,1,2.4,0.2768793
TPEGIIPSM,HLA-B*0702,1,42,2,4.8,0.27526453
TPEGIIPALF,HLA-B*0702,1,42,2,4.8,0.27521718
RPTPKGAVM,HLA-B*0702,1,42,1,2.4,0.2745461
DPRRCLKPV,HLA-B*0702,1,42,2,4.8,0.2607832
FQYSDRRWCF,HLA-A*2402,1,70,1,1.4,0.26060084
ETACLGKSY,HLA-A*0101,1,38,1,2.6,0.25424218
TYLALIATF,HLA-A*2402,1,70,1,1.4,0.24672484
TPRGTVMDII,HLA-B*0702,1,42,1,2.4,0.24494323
TPEGIIPSMF,HLA-B*0702,1,42,2,4.8,0.24411434
TPQDNQLAYV,HLA-B*0702,1,42,2,4.8,0.22287327
ITPMLRHTI,HLA-A*2402,1,70,1,1.4,0.21990755
NPNMIDKTPV,HLA-B*0702,1,42,2,4.8,0.21813405
TPKGAVMDII,HLA-B*0702,1,42,2,4.8,0.20439243
APTRVVASEM,HLA-B*0702,1,42,6,14.3,0.1835143
YAQMWQLMY,HLA-A*0101,1,38,1,2.6,0.15754738
SWMVRILIGF,HLA-A*2402,1,70,1,1.4,0.13020197
YAQMWTLMY,HLA-A*0101,1,38,1,2.6,0.12519568
QYIFTGQPL,HLA-A*2402,1,70,1,1.4,0.11816922
SYAQMWTLMY,HLA-A*0101,1,38,1,2.6,0.08104813
RYMGEDGCWY,HLA-A*2402,1,70,1,1.4,0.07948583
YENLKYSVI,HLA-B*4402,1,4,1,25.0,0.024146825
