peptide,HLA,immunogenicity,patient,immunogenic score
LRMNQSQFIQ,HLA-C*0602,0,12,0.9947
LRMNQSQFI,HLA-C*0602,0,12,0.9945
VRINTARPV,HLA-C*0602,1,12,0.9945
LSLAGSDCFW,HLA-B*5701,0,2,0.9944
GSARALSLW,HLA-B*5701,0,2,0.9837
RTDKVRALW,HLA-B*5701,0,2,0.9772
DLLLRTAQL,HLA-B*0801,0,3,0.9758
VQDPNDRLL,HLA-C*0501,0,16,0.9719
VRRKSRRRM,HLA-C*0602,0,12,0.9656
TADWHLYLF,HLA-C*0501,0,16,0.9647
FSDQAEVSVL,HLA-C*0501,0,16,0.9507
FTSMSAVEF,HLA-C*0501,0,16,0.9497
YRHVHLRSF,HLA-B*2705,0,16,0.9491
KTDTGVHATL,HLA-C*0501,1,16,0.9491
KTLGIKLSF,HLA-B*5701,0,2,0.945
IVRNATFTW,HLA-B*5701,0,2,0.9437
IIVRNATFTW,HLA-B*5701,0,2,0.9404
QEAWTAAAM,HLA-B*4402,0,10,0.9166
KSFKEIKLW,HLA-B*5701,1,2,0.916
LRTADWHLYL,HLA-B*2705,0,16,0.9148
RRHIEIRDK,HLA-B*2705,0,16,0.9121
LRTADWHLY,HLA-B*2705,0,16,0.9061
QEAWTAAAMY,HLA-B*4402,0,10,0.9059
RRSMLFARHL,HLA-B*2705,0,16,0.9052
HRIELDPSKF,HLA-B*2705,0,16,0.901
RRSMLFARH,HLA-B*2705,1,16,0.901
MLRELSSAF,HLA-B*0801,0,3,0.8944
QLKEHWNHL,HLA-B*0801,0,3,0.8911
YTWEQMGLR,HLA-A*6801,0,1,0.8841
KRCPGRFVY,HLA-B*2705,0,16,0.8832
LSRMGQTVI,HLA-C*0501,0,16,0.8784
SQNQHENDI,HLA-B*2705,0,16,0.8761
RLDGFFKNAV,HLA-A*0201,0,2,0.8698
KLHVSVEAFV,HLA-A*0201,0,12,0.8697
SLYELEKEFL,HLA-A*0201,0,12,0.8647
FLGSLLILVV,HLA-A*0201,0,1,0.8591
ALREHFQPQL,HLA-B*0801,0,10,0.8575
KLLEGQPVLL,HLA-A*0201,0,2,0.85
LVAVFRWAV,HLA-A*0201,0,2,0.8408
GEIFAQRVSW,HLA-B*4402,0,1,0.8336
FIWLATRRV,HLA-A*0201,0,2,0.8311
RPVGGRPGW,HLA-B*0702,0,12,0.8233
VLASLCLYVV,HLA-A*0201,0,1,0.8215
VLFDRLSKL,HLA-A*0201,0,12,0.8177
AVLGSFSYV,HLA-A*0201,0,2,0.8123
RSFSEVFLV,HLA-A*0201,0,2,0.81
ELKEKTLNL,HLA-B*0801,0,3,0.8091
FLDEGFSGLV,HLA-A*0201,0,2,0.8046
VLLKAGWQNL,HLA-A*0201,0,12,0.803
VLLKAGWQNL,HLA-A*0201,0,12,0.803
SLYLNTTVL,HLA-A*0201,0,2,0.7985
ILPGVFSKL,HLA-A*0201,0,2,0.7962
VSDSHVYKY,HLA-C*0501,0,16,0.7956
KRACCIPGR,HLA-B*2705,0,16,0.7944
WGKLHVASL,HLA-B*0801,0,3,0.7932
LQDSGLWFPV,HLA-A*0201,0,1,0.7859
FLGSLLILV,HLA-A*0201,1,1,0.7849
SEQMDVAFQV,HLA-A*0201,0,1,0.7846
FLDEGFSGL,HLA-A*0201,0,2,0.7843
VLFDRLSKLA,HLA-A*0201,0,12,0.7832
RLCLYCGYPV,HLA-A*0201,0,12,0.78
FLNCDIMLGV,HLA-A*0201,1,1,0.7793
FLFQEECWHL,HLA-A*0201,0,2,0.7755
FLSELEASV,HLA-A*0201,0,2,0.7721
MLPSNYVEA,HLA-A*0201,0,16,0.771
KLVVVGAAGV,HLA-A*0201,0,16,0.7666
IMGQQPAPQV,HLA-A*0201,0,16,0.7651
RRPSGFFLF,HLA-B*2705,0,16,0.7617
SLLLLPLSV,HLA-A*0201,0,16,0.7614
KLADFGLACA,HLA-A*0201,0,2,0.7602
FRLLRYQPL,HLA-B*0801,0,3,0.76
YMPGVGDFAV,HLA-A*0201,0,2,0.7575
KLKEHLGFAV,HLA-A*0201,0,2,0.7556
ALDKNLHQL,HLA-A*0201,0,2,0.7525
FLLWKATGV,HLA-A*0201,0,2,0.7514
SLLLLPLSVA,HLA-A*0201,0,16,0.7496
MLPSNYVEAI,HLA-A*0201,0,16,0.7486
SLSSDFNPL,HLA-A*0201,0,16,0.7477
ALPPTVYEV,HLA-A*0201,1,2,0.741
LLYDHPLKV,HLA-A*0201,0,1,0.7344
ALVNQQFLCV,HLA-A*0201,0,12,0.7322
FLDKFMEAV,HLA-A*0201,0,2,0.7303
TMMCVSRNEL,HLA-A*0201,0,16,0.73
SLSSDFNPLV,HLA-A*0201,0,16,0.7278
PYLPSPCPP,HLA-A*2402,0,10,0.722
MLVSTMPVV,HLA-A*0201,0,2,0.7217
TIITQLSSV,HLA-A*0201,0,16,0.7217
FLDPDLTNI,HLA-A*0201,1,1,0.7211
RLSEVMARM,HLA-A*0201,0,1,0.7194
ALHEEVVCV,HLA-A*0201,0,12,0.7153
WLVDFFSPWC,HLA-A*0201,0,16,0.7153
IFLSELEASV,HLA-A*0201,0,2,0.7127
LLKAGWQNLV,HLA-A*0201,0,12,0.7119
KRRPSGFFLF,HLA-B*2705,0,16,0.7072
KRACCIPGRR,HLA-B*2705,0,16,0.7056
NRYAVQDFL,HLA-B*2705,0,16,0.7054
ILYHGNLVV,HLA-A*0201,0,2,0.7039
SLCKSILLFL,HLA-A*0201,0,16,0.7028
KLNPSQNVV,HLA-A*0201,0,12,0.6994
FLLDETEVSV,HLA-A*0201,0,2,0.6964
ALWPLAYGV,HLA-A*0201,0,12,0.6958
FVLASLCLYV,HLA-A*0201,0,1,0.6919
KLINSQINL,HLA-A*0201,0,1,0.6883
KLADFGLAC,HLA-A*0201,0,2,0.6879
LALPPTVYEV,HLA-A*0201,0,2,0.6856
HRDRLIGLMM,HLA-B*2705,0,16,0.6852
FSAKAGPAR,HLA-A*6801,0,1,0.685
LLSLWVPQV,HLA-A*0201,0,2,0.6806
FLVESQLHL,HLA-A*0201,0,16,0.6802
VLASLCLYV,HLA-A*0201,0,1,0.6783
TLFHDLWKL,HLA-A*0201,0,2,0.6782
LLFTDQHGLV,HLA-A*0201,0,2,0.6725
VFIQTRGGTF,HLA-A*2402,0,10,0.6657
SLLAARQLL,HLA-A*0201,0,16,0.6637
FQLPILQPA,HLA-A*0201,0,2,0.6577
FHLAELCIEV,HLA-A*0201,0,2,0.6567
TVWDFTLEL,HLA-A*0201,0,12,0.6451
GIKAHPVLK,HLA-A*0301,0,3,0.6438
YLNEAVFNFV,HLA-A*0201,1,16,0.6366
KAPVGHFYK,HLA-A*0301,0,3,0.6358
KLPYSYNLCV,HLA-A*0201,0,16,0.6357
ALSDGPIDAV,HLA-A*0201,0,1,0.6308
LLFYGAVIEV,HLA-A*0201,0,2,0.6296
VALVNKRNAL,HLA-B*0801,0,10,0.6293
VFPVWEVIW,HLA-A*2402,0,10,0.6281
RLVLQLLEL,HLA-A*0201,0,12,0.6228
LLPGNNWKV,HLA-A*0201,0,2,0.622
KIFLCNARV,HLA-A*0201,0,16,0.6215
TLGIKLSFLV,HLA-A*0201,0,2,0.6213
RLKQEKAFSL,HLA-B*0801,0,3,0.6205
KTLGIKLSFL,HLA-A*0201,0,2,0.6182
AEQQGACPGL,HLA-B*4402,0,10,0.6182
MARAIRVRTF,HLA-B*0801,0,10,0.6177
QFSAKAGPAR,HLA-A*6801,0,1,0.6157
KLLSEFFSCL,HLA-A*0201,0,1,0.615
YLNEAVFNF,HLA-A*0201,0,16,0.6128
SQPWQASLF,HLA-A*2402,0,10,0.6115
RLMGINSTA,HLA-A*0201,0,12,0.6113
KMLDGLESL,HLA-A*0201,0,2,0.6111
ALGVYGGPYV,HLA-A*0201,0,1,0.6095
AYQKAPTKQF,HLA-A*2402,0,10,0.609
LLFTDQHGL,HLA-A*0201,0,2,0.6065
RRQSMTVKRE,HLA-B*2705,0,16,0.6065
RLMGINSTAA,HLA-A*0201,0,12,0.6049
SLCLYVVVGV,HLA-A*0201,0,1,0.6026
ALKEIIPQCI,HLA-A*0201,0,1,0.6025
NRYAVQDFLH,HLA-B*2705,0,16,0.6015
KVWAVTEEV,HLA-A*0201,0,2,0.6001
RRQSMTVKR,HLA-B*2705,0,16,0.5985
RPRRVEIVAL,HLA-B*0702,0,12,0.5971
NSLLLLPLSV,HLA-A*0201,0,16,0.5969
SLINSTVIV,HLA-A*0201,0,2,0.5964
YLWAAQAEK,HLA-A*0301,0,3,0.5939
KLLSEFFSC,HLA-A*0201,0,1,0.5916
MIRRRRPTL,HLA-B*0801,0,3,0.5887
EDNKHAPSSW,HLA-B*4402,0,16,0.5882
ALFELRNISV,HLA-A*0201,0,12,0.5865
FMKDGLTGA,HLA-A*0201,0,12,0.5865
GLYGNLIVL,HLA-A*0201,1,2,0.583
KAWENFPNV,HLA-A*0201,1,1,0.5824
YLLQKLSCL,HLA-A*0201,0,2,0.5804
ADTSEARPFW,HLA-B*4402,0,1,0.5763
LLAAGLGRA,HLA-A*0201,0,12,0.574
RLPGLILYTL,HLA-A*0201,0,12,0.5725
RVWDVSGLRK,HLA-A*0301,0,3,0.5717
FQLRTADWHL,HLA-A*0201,0,16,0.571
ALVNKRNAL,HLA-B*0801,0,10,0.571
FLWGSRAHA,HLA-A*0201,0,2,0.5703
HLIGGIQVL,HLA-A*0201,0,2,0.5699
FVLEHEDGL,HLA-A*0201,0,1,0.5679
SLHPSAPFL,HLA-A*0201,0,16,0.5674
VLLSVLIILL,HLA-A*0201,0,16,0.5625
QLSSVRCYV,HLA-A*0201,0,16,0.5619
FPGIKAHPV,HLA-B*0801,0,3,0.5607
WQLDALDFLV,HLA-A*0201,0,12,0.5589
YVYKIVSQL,HLA-A*0201,0,16,0.5578
YLAVDALEL,HLA-A*0201,0,2,0.5577
GQEGKYDLLV,HLA-A*0201,0,1,0.5524
RGRMQTASL,HLA-B*0702,1,12,0.5518
VLWISAFMV,HLA-A*0201,0,2,0.5516
LLAPLIATL,HLA-A*0201,0,1,0.5499
GLLAAGLGR,HLA-A*0301,0,12,0.5498
YILDRESPL,HLA-A*0201,0,2,0.5487
LVADVLSPV,HLA-A*0201,0,12,0.5472
LLAKQLYRV,HLA-A*0201,0,16,0.5471
FLTKLVHLV,HLA-A*0201,0,16,0.546
ALLPPPPLAK,HLA-A*0301,0,3,0.5449
QLKMKKLSA,HLA-B*0801,0,3,0.5437
GLKDLLNPI,HLA-A*0201,0,16,0.5423
LLFGPSCAL,HLA-A*0201,0,16,0.5423
LLHSGVIGAV,HLA-A*0201,0,2,0.5414
YMPGVGDFA,HLA-A*0201,0,2,0.5392
FYLGSAYHAA,HLA-A*0201,0,1,0.5365
VLVADVLSPV,HLA-A*0201,0,12,0.5332
RPTYEEGFL,HLA-B*0702,0,12,0.5295
AVRVLFPGIK,HLA-A*0301,0,3,0.523
MLNTSVPNYM,HLA-A*0201,0,12,0.522
FLNDASACV,HLA-A*0201,0,2,0.5215
GQFGKVWMA,HLA-A*0201,0,2,0.5208
FNSVRKRMSV,HLA-B*0801,0,10,0.5199
GLTFKDVTV,HLA-A*0201,0,16,0.5193
TLYLRNNQLV,HLA-A*0201,0,16,0.5156
FPYCRAHVL,HLA-B*0801,0,10,0.5135
SRMGQTVIAV,HLA-B*2705,0,16,0.5118
ALKCRVALSL,HLA-B*0801,0,3,0.5088
LLSEFFSCL,HLA-A*0201,0,1,0.5042
RIALWPLAY,HLA-A*0301,0,12,0.5038
ELKFYVNHL,HLA-B*0801,0,3,0.5032
FLSEFAGTQL,HLA-A*0201,0,2,0.4991
ILFRTPSVAK,HLA-A*0301,1,3,0.4988
RLFPYALHKW,HLA-A*0301,0,3,0.4969
LLNDASFISV,HLA-A*0201,0,2,0.4959
LLLPGNNWKV,HLA-A*0201,0,2,0.4958
RGPVEEVRAL,HLA-B*0702,0,12,0.4955
LLHSGVIGA,HLA-A*0201,0,2,0.4916
QLLKFIPSL,HLA-A*0201,0,2,0.489
LLQVCWLQSA,HLA-A*0201,0,12,0.4885
MLFARHLREV,HLA-A*0201,0,16,0.4885
HMKAKLAML,HLA-B*0801,0,10,0.4885
ATAAARGPV,HLA-B*0702,0,12,0.4863
FLCNARVKV,HLA-A*0201,0,16,0.4856
RTADWHLYL,HLA-A*0201,0,16,0.4854
RMGQTVIAV,HLA-A*0201,0,16,0.4845
NLFKRLMIV,HLA-B*0801,0,3,0.4835
LQVCWLQSA,HLA-A*0201,0,12,0.4801
LLLLPLSVA,HLA-A*0201,0,16,0.4785
AIRVRTFRA,HLA-B*0801,0,10,0.4759
FIAEQILATL,HLA-A*0201,0,2,0.4752
ATFEEWFPQR,HLA-A*6801,0,1,0.4741
SLHDLTDGV,HLA-A*0201,0,1,0.4738
LLPPPPLAK,HLA-A*0301,0,3,0.4736
YITKRIIAV,HLA-A*0201,0,2,0.471
SIRDHPQAL,HLA-B*0801,0,10,0.4703
YVQCFLAFT,HLA-A*0201,0,12,0.4656
YMWRWKQFL,HLA-A*0201,0,12,0.4621
EMASVLFKA,HLA-A*0201,0,1,0.4619
KTLMEVMSKI,HLA-A*0201,0,2,0.4608
NLINEAMDV,HLA-A*0201,0,16,0.4593
ILDTAGHEEY,HLA-A*0101,1,2,0.4542
GVYTKEFLY,HLA-A*0301,0,3,0.4521
VVGAAGVGK,HLA-A*1101,0,16,0.452
AVYCACFVEL,HLA-A*0201,0,1,0.4485
YLDVFVHAI,HLA-A*0201,0,12,0.4469
FMATYEINV,HLA-A*0201,0,16,0.4447
KLSFLVMII,HLA-A*0201,0,2,0.4444
KLLNCPCPA,HLA-A*0201,0,2,0.4428
MKYPRLCIL,HLA-B*0801,0,3,0.4419
YLLLRNLSI,HLA-B*0801,0,10,0.4401
GLSEKCSLV,HLA-A*0201,0,1,0.4394
VSVLSALFSI,HLA-A*0201,0,16,0.4362
KPRPKLHHSL,HLA-B*0801,0,10,0.4362
TDTGVHATLK,HLA-A*1101,0,16,0.4348
YLYVYKIVSQ,HLA-A*0201,0,16,0.4331
LLSNELHRL,HLA-A*0201,0,12,0.432
APFSKFSTF,HLA-B*0801,0,10,0.4307
KTIYKYVHL,HLA-A*0201,0,1,0.4245
QPWQASLFHL,HLA-A*2402,0,10,0.423
RLMDSAQVA,HLA-A*0201,0,2,0.4221
GLFEDTNLFA,HLA-A*0201,0,1,0.4199
RLLRGYDQV,HLA-A*0201,0,1,0.4192
FSDYVQCFL,HLA-A*0201,0,12,0.4186
GENGQNLVKW,HLA-B*4402,0,1,0.4184
YQSPDLSKV,HLA-A*0201,0,12,0.4149
RISASCATR,HLA-A*1101,0,16,0.4096
SVLSALFSI,HLA-A*0201,0,16,0.4091
GPSPSSEAL,HLA-B*0702,0,12,0.4057
RVYDALNLL,HLA-A*0201,1,1,0.4055
LMMHSATSAT,HLA-A*0201,0,1,0.4041
VPTLGRGGW,HLA-B*0702,0,12,0.4039
GLSKYRPAI,HLA-A*0201,0,16,0.4015
HALRRHYHL,HLA-B*0801,1,3,0.3996
TVIAVASSMR,HLA-A*1101,0,16,0.399
LLDNGTLTI,HLA-A*0201,0,2,0.398
SLVPCLPEFF,HLA-A*2402,0,10,0.3973
RPVWKLVKV,HLA-B*0702,0,12,0.387
ADVLSPVLVK,HLA-A*0301,0,12,0.3866
QLFMATYEI,HLA-A*0201,0,16,0.3782
YAVQDFLHEI,HLA-A*0201,0,16,0.3736
MLIILAGFL,HLA-A*0201,0,16,0.3735
VLFSNESSL,HLA-A*0201,0,2,0.3718
LMMHSATSA,HLA-A*0201,0,1,0.3715
VIAVASSMR,HLA-A*1101,0,16,0.3678
NILGFTFDI,HLA-A*0201,0,16,0.3675
GMLTNIWTV,HLA-A*0201,0,1,0.3672
YLLNDASPI,HLA-A*0201,0,2,0.3628
LLRKNFFYF,HLA-B*0801,0,10,0.3627
HLMNIAIIA,HLA-A*0201,0,16,0.3585
LLRMNQSQFI,HLA-A*0201,0,12,0.3532
FVANLFNTYL,HLA-A*0201,0,1,0.3526
VLNFYTTFV,HLA-A*0201,0,2,0.3511
SPLHRHNVF,HLA-B*0801,0,3,0.3502
LLSFHSVFT,HLA-A*0201,0,16,0.3499
LLDEPSAHLY,HLA-A*0101,0,2,0.3479
TLMEVMSKI,HLA-A*0201,0,2,0.3475
VIDAAVLLK,HLA-A*0301,0,12,0.3455
KLLSFHSVFT,HLA-A*0201,0,16,0.3446
RLLRPIYDYL,HLA-A*0201,0,16,0.3434
IVYPTPTPI,HLA-A*0201,0,2,0.3427
VLSALFSIT,HLA-A*0201,0,16,0.3405
AINRPTVLK,HLA-A*0301,1,3,0.3386
VVVGAAGVGK,HLA-A*1101,0,16,0.3384
YIYNPSLAL,HLA-A*0201,0,12,0.3355
RIPRTVGQK,HLA-A*0301,0,3,0.3334
AVPGGGMPI,HLA-A*0201,0,16,0.3321
EVCAPVIKR,HLA-A*6801,0,1,0.3236
PWQASLFHL,HLA-A*2402,0,10,0.3214
VLMMHSATSA,HLA-A*0201,0,1,0.3176
AWLLRKNFF,HLA-A*2402,0,10,0.3121
LIIENRYAV,HLA-A*0201,0,16,0.3112
SLSEARQDV,HLA-A*0201,0,2,0.3109
LLLNGLGLA,HLA-A*0201,0,12,0.3074
LLLSSLGYL,HLA-A*0201,0,2,0.306
RKSNRVKTCK,HLA-A*0301,0,3,0.3058
HALDKARTR,HLA-A*6801,0,1,0.3057
QLVMVLVGGL,HLA-A*0201,0,2,0.3052
KPMEAVTVAV,HLA-B*0702,0,12,0.3052
EIRSRNNAL,HLA-B*0801,0,3,0.3041
SKLKNKQQQL,HLA-B*0801,0,10,0.3036
WSDIMFEHFY,HLA-A*0101,0,3,0.3015
LYEDVFPVW,HLA-A*2402,0,10,0.2998
RLIGLMMTA,HLA-A*0201,0,16,0.2983
KMGKTIYKYV,HLA-A*0201,0,1,0.298
YLLIHGTAV,HLA-A*0201,0,2,0.2894
KTIQTIVFL,HLA-A*0201,0,2,0.289
KLYESFYGP,HLA-A*0201,0,12,0.287
GPVEEVRAL,HLA-B*0702,0,12,0.28
EAIYETYTW,HLA-B*4402,0,1,0.2782
YQANVVWKV,HLA-A*0201,1,12,0.2769
LLYEDVFPVW,HLA-A*2402,0,10,0.2765
YLYHRVDVI,HLA-A*0201,1,1,0.2692
IENIWSPEG,HLA-B*4402,0,1,0.2659
KPANHRGQL,HLA-B*0702,0,12,0.2641
ILPFFYLGSA,HLA-A*0201,0,1,0.2619
KLKNKQQQL,HLA-B*0801,0,10,0.2614
ILTTRIHKL,HLA-B*0801,0,10,0.2593
RCVDWLIAVY,HLA-A*0101,0,2,0.2586
SLFHLTRLF,HLA-A*2402,0,10,0.2579
ITGALVLFMK,HLA-A*0301,0,12,0.2572
RVVSGAYYF,HLA-A*2402,0,10,0.257
NSVRKRMSV,HLA-B*0801,0,10,0.2548
ALDHMFMYFL,HLA-A*0201,1,1,0.2537
APKVEADESL,HLA-B*0702,0,12,0.2522
AYGNNCDGI,HLA-A*2402,0,10,0.2419
VYCEEYYLF,HLA-A*2402,1,10,0.2419
NLFLFIDKL,HLA-A*0201,0,16,0.2381
YLIIENRYAV,HLA-A*0201,0,16,0.2379
YLIIENRYA,HLA-A*0201,0,16,0.2321
FSDVGEVPY,HLA-A*0101,0,3,0.2083
GPVEEVRALL,HLA-B*0702,0,12,0.2079
SVSDSHVYK,HLA-A*1101,0,16,0.2073
YTDKSEHATY,HLA-A*0101,0,3,0.2064
ASFFGVHSK,HLA-A*0301,0,3,0.2039
EVKEVFQAL,HLA-B*0801,0,10,0.2019
CVDWLIAVY,HLA-A*0101,0,2,0.2009
SPWKDGDEL,HLA-B*0702,0,12,0.1998
SSDCSAWYM,HLA-A*0101,0,2,0.1996
KLHVASLSFR,HLA-A*0301,0,3,0.1961
KVYDIAFSR,HLA-A*0301,0,3,0.1946
GTDPLFMFA,HLA-A*0101,0,2,0.1922
KTYACQQCGK,HLA-A*0301,0,3,0.192
RTGKGQPCNK,HLA-A*0301,0,12,0.1904
YPRYRLEPM,HLA-B*0801,0,10,0.1808
CPLQCFQPRL,HLA-B*0702,0,12,0.1803
KINRALTAAK,HLA-A*0301,0,3,0.1785
IAADGEFLY,HLA-A*0101,0,2,0.177
FPRKPRPKL,HLA-B*0801,0,10,0.1734
VSEGGCFCY,HLA-A*0101,0,2,0.1731
PSAEVEMTFY,HLA-A*0101,0,3,0.1725
SESSTIQEV,HLA-B*4402,0,10,0.1722
GEEVLLHAF,HLA-B*4402,0,1,0.1721
TLWEQFLEK,HLA-A*0301,0,3,0.1695
RTREFTAKK,HLA-A*0301,1,3,0.1685
IVHHRIHTA,HLA-B*0801,0,10,0.1651
FIYLFVTET,HLA-A*0201,0,12,0.1593
RVDFSATWYK,HLA-A*0301,0,3,0.1588
KEEVKEVFQA,HLA-B*4402,0,10,0.1543
HLFDIQGLPK,HLA-A*0301,1,3,0.1541
YLFIKDNEI,HLA-A*0201,0,1,0.1531
SQYCRPISTK,HLA-A*1101,0,16,0.1515
ILGYWIRTSK,HLA-A*0301,0,3,0.1511
VEHINISQDW,HLA-B*4402,1,10,0.1479
FATCLGLFY,HLA-A*0101,0,3,0.1462
EEFLDPSRPY,HLA-B*4402,0,16,0.1459
KSATRRPVWK,HLA-A*0301,0,12,0.1418
VSCRSVWEY,HLA-A*0101,0,3,0.1413
KIVEMSTSK,HLA-A*0301,1,3,0.1413
REEQCLQWDL,HLA-B*4402,0,10,0.1411
FAASAVGSR,HLA-A*6801,0,1,0.141
RTKYDFTWFK,HLA-A*0301,0,3,0.1406
NLWPVPHGLK,HLA-A*1101,0,16,0.1399
FTDRERHCF,HLA-A*0101,0,3,0.1383
SQPPAGSEV,HLA-A*0201,0,16,0.136
YGYSRVNPM,HLA-B*0801,0,3,0.1325
EEQCLQWDL,HLA-B*4402,0,10,0.1311
SLHAHGLSYK,HLA-A*0301,0,3,0.131
EPQRARSLTV,HLA-B*0801,0,10,0.1295
ESEPYTFSY,HLA-A*0101,0,3,0.1292
AEVSVLYTV,HLA-B*4402,0,16,0.1276
VSFVRINSL,HLA-B*0801,0,3,0.1262
ATRYNYTSEK,HLA-A*0301,1,3,0.1261
AYYFMVKVW,HLA-A*2402,0,10,0.1165
KIYTGEKPYK,HLA-A*0301,1,3,0.1139
STLFRVVVAK,HLA-A*0301,0,12,0.1131
TLFRVVVAK,HLA-A*0301,0,12,0.1118
SVSDSHVYKY,HLA-A*1101,0,16,0.111
VYCEEYYLFS,HLA-A*2402,0,10,0.1098
LSDGPSMGRY,HLA-A*0101,1,3,0.1086
GDTDSRFISY,HLA-A*0101,0,3,0.1079
KEAADPLAFK,HLA-A*0301,0,3,0.1028
RHSPAPFSKF,HLA-A*2402,0,10,0.1025
AEYQDMHSY,HLA-B*4402,1,10,0.1012
YSNFISHLAK,HLA-A*1101,0,16,0.0985
SEVAVSVLSA,HLA-B*4402,0,16,0.0968
VTFNGQVFK,HLA-A*1101,0,16,0.096
GLSFHLQSSK,HLA-A*0301,0,3,0.0956
EIIPQCIAR,HLA-A*6801,1,1,0.0955
FTANPPSQTK,HLA-A*1101,0,16,0.0939
REMLKRQERF,HLA-B*4402,0,1,0.0929
QLDVSRLWY,HLA-A*0101,0,2,0.0926
WSFPYEFLY,HLA-A*0101,0,3,0.0917
SVTFNGQVFK,HLA-A*1101,0,16,0.0907
RSMLFARHLR,HLA-A*1101,0,16,0.0895
GEQPFISGTF,HLA-B*4402,0,1,0.0875
RSAQKMFTY,HLA-A*0101,0,3,0.0868
IYANMFKKF,HLA-A*2402,0,10,0.0852
ASSFLKSFY,HLA-A*0101,0,3,0.0829
LSGSDNVLY,HLA-A*0101,0,2,0.0797
EEQEPVQQL,HLA-B*4402,0,1,0.0797
LPGLILYTL,HLA-B*0702,0,12,0.0771
FTQEDPQMVY,HLA-A*0101,0,3,0.0765
RLFPYALHK,HLA-A*0301,1,3,0.0761
LDYVENLAKF,HLA-A*2402,0,10,0.0756
GSNNLILIY,HLA-A*1101,0,16,0.075
MFYAVRWGRK,HLA-A*0301,0,12,0.0749
RIHTSVKLY,HLA-A*0301,0,12,0.0745
ILIYWNPFHR,HLA-A*1101,0,16,0.0732
ISEYVSVRFY,HLA-A*0101,0,3,0.0698
SSWHTPTLQK,HLA-A*1101,0,16,0.0688
EYQDMHSYI,HLA-A*2402,0,10,0.0687
KIFLCNARVK,HLA-A*1101,0,16,0.0672
YVKSLSRVM,HLA-B*0801,0,10,0.0666
MLSSHIATK,HLA-A*1101,0,16,0.0663
RMPKLLKSLF,HLA-A*2402,0,10,0.0657
CVIDAAVLLK,HLA-A*0301,0,12,0.0647
LSVSDSHVYK,HLA-A*1101,0,16,0.0636
EEQCLQWDLY,HLA-B*4402,0,10,0.059
SALANPIGK,HLA-A*1101,0,16,0.0581
CTFCPPPLPK,HLA-A*6801,0,1,0.0555
LLFGVSALGK,HLA-A*0301,0,3,0.0549
ELTQGYIYFY,HLA-A*0101,0,2,0.0525
YTAEKKSLSE,HLA-A*0101,0,2,0.0523
GAFMRPITLK,HLA-A*1101,0,16,0.0521
GVLPNYSEGK,HLA-A*1101,0,16,0.0521
HEACNCGNTV,HLA-B*4402,0,10,0.0504
RLLRPIYDY,HLA-A*1101,0,16,0.0496
LIYWNPFHR,HLA-A*1101,0,16,0.0494
KEIIPQCIA,HLA-B*4402,0,1,0.0493
DTDSRFISY,HLA-A*0101,0,3,0.0469
EENSTGSLY,HLA-B*4402,0,1,0.0457
SMLFARHLR,HLA-A*1101,0,16,0.0434
LTVDYATFY,HLA-A*0101,0,3,0.0421
ISVATFLPY,HLA-A*0101,0,2,0.042
LTQGYIYFY,HLA-A*0101,0,2,0.0415
LVYQFKDMLK,HLA-A*0301,0,3,0.0401
IENRYAVQDF,HLA-B*4402,0,16,0.0394
TSARTENFK,HLA-A*0301,0,12,0.0381
TQCKWQFVAK,HLA-A*1101,0,16,0.0381
AELLAKQLY,HLA-B*4402,0,16,0.0373
AELEEVSSY,HLA-B*4402,0,1,0.0345
FIYLFVTETK,HLA-A*0301,0,12,0.0344
VYPFYRFRLI,HLA-A*2402,0,10,0.0334
VEKSELWMY,HLA-B*4402,0,1,0.0318
GMLNTSVPNY,HLA-A*0301,0,12,0.0316
KQLYRVFQK,HLA-A*1101,0,16,0.0305
RLFSALNSHK,HLA-A*0301,0,3,0.03
MLNTSVPNY,HLA-A*0301,0,12,0.0293
MLNTSVPNY,HLA-A*0301,0,12,0.0293
ALYFNSQWK,HLA-A*0301,1,12,0.0288
ATNYIYVLNK,HLA-A*0301,0,3,0.0285
CRLFPYALHK,HLA-A*0301,0,3,0.0282
FTADQKVVY,HLA-A*0101,0,3,0.0272
EEVKEVFQAL,HLA-B*4402,0,10,0.0272
KLRDEISLAK,HLA-A*0301,1,3,0.0262
KMFCAGYPK,HLA-A*0301,0,3,0.0226
SPLCNFNIIK,HLA-A*1101,0,16,0.0224
LTEQYNEKY,HLA-A*0101,0,2,0.0219
LVDIVLNFY,HLA-A*0101,0,2,0.0213
LLFKAGEMRK,HLA-A*0301,0,3,0.0196
ALYKVEINK,HLA-A*0301,0,3,0.0191
KLYKCKVCDK,HLA-A*0301,0,3,0.0189
RMFLRFQKK,HLA-A*0301,0,3,0.0186
YLYCYGYWKK,HLA-A*0301,0,3,0.0181
FTNESYLELY,HLA-A*0101,1,3,0.018
EEYYLFSGF,HLA-B*4402,0,10,0.0176
MLDIIKAIY,HLA-A*0101,0,3,0.0164
SVFTSVRRK,HLA-A*0301,0,12,0.016
SSAFLQLTAK,HLA-A*6801,0,1,0.0156
EESSNNLTKF,HLA-B*4402,0,1,0.0151
FSSPTHSLYV,HLA-A*0101,0,2,0.0148
SVGHQLFHR,HLA-A*6801,0,1,0.0147
FSSPTHSLY,HLA-A*0101,0,2,0.0141
SLSNFPQLK,HLA-A*0301,0,3,0.014
SAFLQLTAK,HLA-A*6801,0,1,0.0129
SEGKLPYSY,HLA-B*4402,0,16,0.0122
SVEAFVCHRK,HLA-A*0301,0,12,0.0111
FSAVNSLIQR,HLA-A*6801,0,1,0.0108
FVFSKYCHRA,HLA-A*6801,0,1,0.0102
FVRLQLTFEK,HLA-A*6801,0,1,0.0071
IFSSPTHSLY,HLA-A*0101,0,2,0.0066
SERVLTEIF,HLA-B*4402,0,1,0.0066
DTIDVSKLNR,HLA-A*6801,1,1,0.0049
MENIEVYNEF,HLA-B*4402,0,1,0.0047
ITNFYETAMR,HLA-A*6801,0,1,0.0046
TNFYETAMR,HLA-A*6801,0,1,0.0045
REYLYVYKI,HLA-B*4402,0,16,0.0039
ATLFSDSWYY,HLA-A*0101,0,3,0.0038
FISGTFGLK,HLA-A*6801,0,1,0.0038
FVFSKYCHR,HLA-A*6801,0,1,0.0032
QSIWSRLQK,HLA-A*6801,0,1,0.0021
TILGEFQYFK,HLA-A*6801,0,1,0.0021
EYFRYLYHR,HLA-A*6801,0,1,0.0007
MPKMGKTIYK,HLA-A*6801,0,1,0.0004