QSYGFQPTN,HLA-A*0101
QSYGFQPTN,HLA-A*0201
QSYGFQPTN,HLA-A*0301
QSYGFQPTN,HLA-A*1101
QSYGFQPTN,HLA-A*2402
QSYGFQPTN,HLA-B*0702
QSYGFQPTN,HLA-B*0801
QSYGFQPTN,HLA-B*1501
QSYGFQPTN,HLA-B*4001
QSYGFQPTN,HLA-C*0702
SYGFQPTNG,HLA-A*0101
SYGFQPTNG,HLA-A*0201
SYGFQPTNG,HLA-A*0301
SYGFQPTNG,HLA-A*1101
SYGFQPTNG,HLA-A*2402
SYGFQPTNG,HLA-B*0702
SYGFQPTNG,HLA-B*0801
SYGFQPTNG,HLA-B*1501
SYGFQPTNG,HLA-B*4001
SYGFQPTNG,HLA-C*0702
YGFQPTNGV,HLA-A*0101
YGFQPTNGV,HLA-A*0201
YGFQPTNGV,HLA-A*0301
YGFQPTNGV,HLA-A*1101
YGFQPTNGV,HLA-A*2402
YGFQPTNGV,HLA-B*0702
YGFQPTNGV,HLA-B*0801
YGFQPTNGV,HLA-B*1501
YGFQPTNGV,HLA-B*4001
YGFQPTNGV,HLA-C*0702
GFQPTNGVG,HLA-A*0101
GFQPTNGVG,HLA-A*0201
GFQPTNGVG,HLA-A*0301
GFQPTNGVG,HLA-A*1101
GFQPTNGVG,HLA-A*2402
GFQPTNGVG,HLA-B*0702
GFQPTNGVG,HLA-B*0801
GFQPTNGVG,HLA-B*1501
GFQPTNGVG,HLA-B*4001
GFQPTNGVG,HLA-C*0702
FQPTNGVGY,HLA-A*0101
FQPTNGVGY,HLA-A*0201
FQPTNGVGY,HLA-A*0301
FQPTNGVGY,HLA-A*1101
FQPTNGVGY,HLA-A*2402
FQPTNGVGY,HLA-B*0702
FQPTNGVGY,HLA-B*0801
FQPTNGVGY,HLA-B*1501
FQPTNGVGY,HLA-B*4001
FQPTNGVGY,HLA-C*0702
QPTNGVGYQ,HLA-A*0101
QPTNGVGYQ,HLA-A*0201
QPTNGVGYQ,HLA-A*0301
QPTNGVGYQ,HLA-A*1101
QPTNGVGYQ,HLA-A*2402
QPTNGVGYQ,HLA-B*0702
QPTNGVGYQ,HLA-B*0801
QPTNGVGYQ,HLA-B*1501
QPTNGVGYQ,HLA-B*4001
QPTNGVGYQ,HLA-C*0702
PTNGVGYQP,HLA-A*0101
PTNGVGYQP,HLA-A*0201
PTNGVGYQP,HLA-A*0301
PTNGVGYQP,HLA-A*1101
PTNGVGYQP,HLA-A*2402
PTNGVGYQP,HLA-B*0702
PTNGVGYQP,HLA-B*0801
PTNGVGYQP,HLA-B*1501
PTNGVGYQP,HLA-B*4001
PTNGVGYQP,HLA-C*0702
TNGVGYQPY,HLA-A*0101
TNGVGYQPY,HLA-A*0201
TNGVGYQPY,HLA-A*0301
TNGVGYQPY,HLA-A*1101
TNGVGYQPY,HLA-A*2402
TNGVGYQPY,HLA-B*0702
TNGVGYQPY,HLA-B*0801
TNGVGYQPY,HLA-B*1501
TNGVGYQPY,HLA-B*4001
TNGVGYQPY,HLA-C*0702
NGVGYQPYR,HLA-A*0101
NGVGYQPYR,HLA-A*0201
NGVGYQPYR,HLA-A*0301
NGVGYQPYR,HLA-A*1101
NGVGYQPYR,HLA-A*2402
NGVGYQPYR,HLA-B*0702
NGVGYQPYR,HLA-B*0801
NGVGYQPYR,HLA-B*1501
NGVGYQPYR,HLA-B*4001
NGVGYQPYR,HLA-C*0702
