GSTPCNGVK,HLA-A*0101
GSTPCNGVK,HLA-A*0201
GSTPCNGVK,HLA-A*0301
GSTPCNGVK,HLA-A*1101
GSTPCNGVK,HLA-A*2402
GSTPCNGVK,HLA-B*0702
GSTPCNGVK,HLA-B*0801
GSTPCNGVK,HLA-B*1501
GSTPCNGVK,HLA-B*4001
GSTPCNGVK,HLA-C*0702
STPCNGVKG,HLA-A*0101
STPCNGVKG,HLA-A*0201
STPCNGVKG,HLA-A*0301
STPCNGVKG,HLA-A*1101
STPCNGVKG,HLA-A*2402
STPCNGVKG,HLA-B*0702
STPCNGVKG,HLA-B*0801
STPCNGVKG,HLA-B*1501
STPCNGVKG,HLA-B*4001
STPCNGVKG,HLA-C*0702
TPCNGVKGF,HLA-A*0101
TPCNGVKGF,HLA-A*0201
TPCNGVKGF,HLA-A*0301
TPCNGVKGF,HLA-A*1101
TPCNGVKGF,HLA-A*2402
TPCNGVKGF,HLA-B*0702
TPCNGVKGF,HLA-B*0801
TPCNGVKGF,HLA-B*1501
TPCNGVKGF,HLA-B*4001
TPCNGVKGF,HLA-C*0702
PCNGVKGFN,HLA-A*0101
PCNGVKGFN,HLA-A*0201
PCNGVKGFN,HLA-A*0301
PCNGVKGFN,HLA-A*1101
PCNGVKGFN,HLA-A*2402
PCNGVKGFN,HLA-B*0702
PCNGVKGFN,HLA-B*0801
PCNGVKGFN,HLA-B*1501
PCNGVKGFN,HLA-B*4001
PCNGVKGFN,HLA-C*0702
CNGVKGFNC,HLA-A*0101
CNGVKGFNC,HLA-A*0201
CNGVKGFNC,HLA-A*0301
CNGVKGFNC,HLA-A*1101
CNGVKGFNC,HLA-A*2402
CNGVKGFNC,HLA-B*0702
CNGVKGFNC,HLA-B*0801
CNGVKGFNC,HLA-B*1501
CNGVKGFNC,HLA-B*4001
CNGVKGFNC,HLA-C*0702
NGVKGFNCY,HLA-A*0101
NGVKGFNCY,HLA-A*0201
NGVKGFNCY,HLA-A*0301
NGVKGFNCY,HLA-A*1101
NGVKGFNCY,HLA-A*2402
NGVKGFNCY,HLA-B*0702
NGVKGFNCY,HLA-B*0801
NGVKGFNCY,HLA-B*1501
NGVKGFNCY,HLA-B*4001
NGVKGFNCY,HLA-C*0702
GVKGFNCYF,HLA-A*0101
GVKGFNCYF,HLA-A*0201
GVKGFNCYF,HLA-A*0301
GVKGFNCYF,HLA-A*1101
GVKGFNCYF,HLA-A*2402
GVKGFNCYF,HLA-B*0702
GVKGFNCYF,HLA-B*0801
GVKGFNCYF,HLA-B*1501
GVKGFNCYF,HLA-B*4001
GVKGFNCYF,HLA-C*0702
VKGFNCYFP,HLA-A*0101
VKGFNCYFP,HLA-A*0201
VKGFNCYFP,HLA-A*0301
VKGFNCYFP,HLA-A*1101
VKGFNCYFP,HLA-A*2402
VKGFNCYFP,HLA-B*0702
VKGFNCYFP,HLA-B*0801
VKGFNCYFP,HLA-B*1501
VKGFNCYFP,HLA-B*4001
VKGFNCYFP,HLA-C*0702
KGFNCYFPL,HLA-A*0101
KGFNCYFPL,HLA-A*0201
KGFNCYFPL,HLA-A*0301
KGFNCYFPL,HLA-A*1101
KGFNCYFPL,HLA-A*2402
KGFNCYFPL,HLA-B*0702
KGFNCYFPL,HLA-B*0801
KGFNCYFPL,HLA-B*1501
KGFNCYFPL,HLA-B*4001
KGFNCYFPL,HLA-C*0702
