GSTPCNGVE,HLA-A*0101
GSTPCNGVE,HLA-A*0201
GSTPCNGVE,HLA-A*0301
GSTPCNGVE,HLA-A*1101
GSTPCNGVE,HLA-A*2402
GSTPCNGVE,HLA-B*0702
GSTPCNGVE,HLA-B*0801
GSTPCNGVE,HLA-B*1501
GSTPCNGVE,HLA-B*4001
GSTPCNGVE,HLA-C*0702
STPCNGVEG,HLA-A*0101
STPCNGVEG,HLA-A*0201
STPCNGVEG,HLA-A*0301
STPCNGVEG,HLA-A*1101
STPCNGVEG,HLA-A*2402
STPCNGVEG,HLA-B*0702
STPCNGVEG,HLA-B*0801
STPCNGVEG,HLA-B*1501
STPCNGVEG,HLA-B*4001
STPCNGVEG,HLA-C*0702
TPCNGVEGF,HLA-A*0101
TPCNGVEGF,HLA-A*0201
TPCNGVEGF,HLA-A*0301
TPCNGVEGF,HLA-A*1101
TPCNGVEGF,HLA-A*2402
TPCNGVEGF,HLA-B*0702
TPCNGVEGF,HLA-B*0801
TPCNGVEGF,HLA-B*1501
TPCNGVEGF,HLA-B*4001
TPCNGVEGF,HLA-C*0702
PCNGVEGFN,HLA-A*0101
PCNGVEGFN,HLA-A*0201
PCNGVEGFN,HLA-A*0301
PCNGVEGFN,HLA-A*1101
PCNGVEGFN,HLA-A*2402
PCNGVEGFN,HLA-B*0702
PCNGVEGFN,HLA-B*0801
PCNGVEGFN,HLA-B*1501
PCNGVEGFN,HLA-B*4001
PCNGVEGFN,HLA-C*0702
CNGVEGFNC,HLA-A*0101
CNGVEGFNC,HLA-A*0201
CNGVEGFNC,HLA-A*0301
CNGVEGFNC,HLA-A*1101
CNGVEGFNC,HLA-A*2402
CNGVEGFNC,HLA-B*0702
CNGVEGFNC,HLA-B*0801
CNGVEGFNC,HLA-B*1501
CNGVEGFNC,HLA-B*4001
CNGVEGFNC,HLA-C*0702
NGVEGFNCY,HLA-A*0101
NGVEGFNCY,HLA-A*0201
NGVEGFNCY,HLA-A*0301
NGVEGFNCY,HLA-A*1101
NGVEGFNCY,HLA-A*2402
NGVEGFNCY,HLA-B*0702
NGVEGFNCY,HLA-B*0801
NGVEGFNCY,HLA-B*1501
NGVEGFNCY,HLA-B*4001
NGVEGFNCY,HLA-C*0702
GVEGFNCYF,HLA-A*0101
GVEGFNCYF,HLA-A*0201
GVEGFNCYF,HLA-A*0301
GVEGFNCYF,HLA-A*1101
GVEGFNCYF,HLA-A*2402
GVEGFNCYF,HLA-B*0702
GVEGFNCYF,HLA-B*0801
GVEGFNCYF,HLA-B*1501
GVEGFNCYF,HLA-B*4001
GVEGFNCYF,HLA-C*0702
VEGFNCYFP,HLA-A*0101
VEGFNCYFP,HLA-A*0201
VEGFNCYFP,HLA-A*0301
VEGFNCYFP,HLA-A*1101
VEGFNCYFP,HLA-A*2402
VEGFNCYFP,HLA-B*0702
VEGFNCYFP,HLA-B*0801
VEGFNCYFP,HLA-B*1501
VEGFNCYFP,HLA-B*4001
VEGFNCYFP,HLA-C*0702
EGFNCYFPL,HLA-A*0101
EGFNCYFPL,HLA-A*0201
EGFNCYFPL,HLA-A*0301
EGFNCYFPL,HLA-A*1101
EGFNCYFPL,HLA-A*2402
EGFNCYFPL,HLA-B*0702
EGFNCYFPL,HLA-B*0801
EGFNCYFPL,HLA-B*1501
EGFNCYFPL,HLA-B*4001
EGFNCYFPL,HLA-C*0702
